Workbook

Sheet Final Results
C1: Data Provided by:
C2: SOEST Laboratory for
C3: Analtyical Biogeochemistry (S-LAB)
C4: University of Hawaii at Manoa
C5: 1000 Pope Rd
C6: Honolulu, HI 96822
C7: 808-956-5878
C9: Date Samples Received: | E9: 45560
C11: Project: | D11: Nelson/Rochette-Yu Tsuen
A13: Sample | B13: NPOC (mg/L) | C13: TN (mg/L) | E13: Sample | F13: NPOC (uM) | G13: TN (uM)
A14: ='Run File 09.10.24'!A17 -> F1 6/6/24 21:00 | B14: ='Run File 09.10.24'!B17 -> 5.4242667 | C14: ='Run File 09.10.24'!C17 -> 0.182525 | E14: =A14 -> F1 6/6/24 21:00 | F14: =B14/12.0107*1000 -> 451.61953 | G14: =C14/14.0067*1000 -> 13.031264
A15: ='Run File 09.10.24'!A18 -> T1 6/6/24 21:00 | B15: ='Run File 09.10.24'!B18 -> 1.2832667 | C15: ='Run File 09.10.24'!C18 -> 0.162695 | E15: =A15 -> T1 6/6/24 21:00 | F15: =B15/12.0107*1000 -> 106.84362 | G15: =C15/14.0067*1000 -> 11.615513
A16: ='Run File 09.10.24'!A19 -> T2 6/6/24 21:00 | B16: ='Run File 09.10.24'!B19 -> 1.3752667 | C16: ='Run File 09.10.24'!C19 -> 0.151215 | E16: =A16 -> T2 6/6/24 21:00 | F16: =B16/12.0107*1000 -> 114.50346 | G16: =C16/14.0067*1000 -> 10.795905
A17: ='Run File 09.10.24'!A20 -> T3 6/6/24 21:00 | B17: ='Run File 09.10.24'!B20 -> 1.4882667 | C17: ='Run File 09.10.24'!C20 -> 0.165725 | E17: =A17 -> T3 6/6/24 21:00 | F17: =B17/12.0107*1000 -> 123.91173 | G17: =C17/14.0067*1000 -> 11.831838
A18: ='Run File 09.10.24'!A21 -> T4 6/6/24 21:00 | B18: ='Run File 09.10.24'!B21 -> 1.2792667 | C18: ='Run File 09.10.24'!C21 -> 0.170525 | E18: =A18 -> T4 6/6/24 21:00 | F18: =B18/12.0107*1000 -> 106.51058 | G18: =C18/14.0067*1000 -> 12.174531
A19: ='Run File 09.10.24'!A22 -> T5 6/6/24 21:00 | B19: ='Run File 09.10.24'!B22 -> 1.2342667 | C19: ='Run File 09.10.24'!C22 -> 0.155635 | E19: =A19 -> T5 6/6/24 21:00 | F19: =B19/12.0107*1000 -> 102.76392 | G19: =C19/14.0067*1000 -> 11.111468
A20: ='Run File 09.10.24'!A23 -> T6 6/6/24 21:00 | B20: ='Run File 09.10.24'!B23 -> 1.0782667 | C20: ='Run File 09.10.24'!C23 -> 0.168025 | E20: =A20 -> T6 6/6/24 21:00 | F20: =B20/12.0107*1000 -> 89.775506 | G20: =C20/14.0067*1000 -> 11.996045
A21: ='Run File 09.10.24'!A27 -> T7 6/6/24 21:00 | B21: ='Run File 09.10.24'!B27 -> 1.2592667 | C21: ='Run File 09.10.24'!C27 -> 0.181825 | E21: =A21 -> T7 6/6/24 21:00 | F21: =B21/12.0107*1000 -> 104.8454 | G21: =C21/14.0067*1000 -> 12.981288
A22: ='Run File 09.10.24'!A28 -> T8 6/6/24 21:00 | B22: ='Run File 09.10.24'!B28 -> 1.1412667 | C22: ='Run File 09.10.24'!C28 -> 0.152175 | E22: =A22 -> T8 6/6/24 21:00 | F22: =B22/12.0107*1000 -> 95.020829 | G22: =C22/14.0067*1000 -> 10.864443
A23: ='Run File 09.10.24'!A29 -> T9 6/6/24 21:00 | B23: ='Run File 09.10.24'!B29 -> 1.6742667 | C23: ='Run File 09.10.24'!C29 -> 0.170725 | E23: =A23 -> T9 6/6/24 21:00 | F23: =B23/12.0107*1000 -> 139.39793 | G23: =C23/14.0067*1000 -> 12.18881
A24: ='Run File 09.10.24'!A30 -> T10 6/6/24 21:00 | B24: ='Run File 09.10.24'!B30 -> 1.1522667 | C24: ='Run File 09.10.24'!C30 -> 0.186425 | E24: =A24 -> T10 6/6/24 21:00 | F24: =B24/12.0107*1000 -> 95.936679 | G24: =C24/14.0067*1000 -> 13.309702
A25: ='Run File 09.10.24'!A31 -> T11 6/6/24 21:00 | B25: ='Run File 09.10.24'!B31 -> 1.2762667 | C25: ='Run File 09.10.24'!C31 -> 0.190825 | E25: =A25 -> T11 6/6/24 21:00 | F25: =B25/12.0107*1000 -> 106.26081 | G25: =C25/14.0067*1000 -> 13.623837
A26: ='Run File 09.10.24'!A32 -> T12 6/6/24 21:00 | B26: ='Run File 09.10.24'!B32 -> 1.1772667 | C26: ='Run File 09.10.24'!C32 -> 0.170625 | E26: =A26 -> T12 6/6/24 21:00 | F26: =B26/12.0107*1000 -> 98.018156 | G26: =C26/14.0067*1000 -> 12.18167
A27: ='Run File 09.10.24'!A33 -> T13 6/6/24 21:00 | B27: ='Run File 09.10.24'!B33 -> 1.1242667 | C27: ='Run File 09.10.24'!C33 -> 0.163315 | E27: =A27 -> T13 6/6/24 21:00 | F27: =B27/12.0107*1000 -> 93.605424 | G27: =C27/14.0067*1000 -> 11.659777
A28: ='Run File 09.10.24'!A34 -> T14 6/6/24 21:00 | B28: ='Run File 09.10.24'!B34 -> 1.1392667 | C28: ='Run File 09.10.24'!C34 -> 0.149915 | E28: =A28 -> T14 6/6/24 21:00 | F28: =B28/12.0107*1000 -> 94.85431 | G28: =C28/14.0067*1000 -> 10.703092
A29: ='Run File 09.10.24'!A35 -> T15 6/6/24 21:00 | B29: ='Run File 09.10.24'!B35 -> 1.2302667 | C29: ='Run File 09.10.24'!C35 -> 0.280125 | E29: =A29 -> T15 6/6/24 21:00 | F29: =B29/12.0107*1000 -> 102.43089 | G29: =C29/14.0067*1000 -> 19.999357
A30: ='Run File 09.10.24'!A36 -> T16 6/6/24 21:00 | B30: ='Run File 09.10.24'!B36 -> 1.1142667 | C30: ='Run File 09.10.24'!C36 -> 0.160315 | E30: =A30 -> T16 6/6/24 21:00 | F30: =B30/12.0107*1000 -> 92.772833 | G30: =C30/14.0067*1000 -> 11.445594
A31: ='Run File 09.10.24'!A40 -> F1 6/11/24 12:00 | B31: ='Run File 09.10.24'!B40 -> 4.3752667 | C31: ='Run File 09.10.24'!C40 -> 0.168925 | E31: =A31 -> F1 6/11/24 12:00 | F31: =B31/12.0107*1000 -> 364.28074 | G31: =C31/14.0067*1000 -> 12.0603
A32: ='Run File 09.10.24'!A41 -> F2 6/11/24 12:00 | B32: ='Run File 09.10.24'!B41 -> 1.0002667 | C32: ='Run File 09.10.24'!C41 -> 0.152775 | E32: =A32 -> F2 6/11/24 12:00 | F32: =B32/12.0107*1000 -> 83.281296 | G32: =C32/14.0067*1000 -> 10.90728
A33: ='Run File 09.10.24'!A42 -> T1 6/11/24 12:00 | B33: ='Run File 09.10.24'!B42 -> 3.5862667 | C33: ='Run File 09.10.24'!C42 -> 0.202125 | E33: =A33 -> T1 6/11/24 12:00 | F33: =B33/12.0107*1000 -> 298.58931 | G33: =C33/14.0067*1000 -> 14.430594
A34: ='Run File 09.10.24'!A43 -> T2 6/11/24 12:00 | B34: ='Run File 09.10.24'!B43 -> 3.9932667 | C34: ='Run File 09.10.24'!C43 -> 0.162145 | E34: =A34 -> T2 6/11/24 12:00 | F34: =B34/12.0107*1000 -> 332.47576 | G34: =C34/14.0067*1000 -> 11.576246
A35: ='Run File 09.10.24'!A44 -> T3 6/11/24 12:00 | B35: ='Run File 09.10.24'!B44 -> 1.0092667 | C35: ='Run File 09.10.24'!C44 -> 0.176125 | E35: =A35 -> T3 6/11/24 12:00 | F35: =B35/12.0107*1000 -> 84.030628 | G35: =C35/14.0067*1000 -> 12.574339
A36: ='Run File 09.10.24'!A45 -> T4 6/11/24 12:00 | B36: ='Run File 09.10.24'!B45 -> 3.5312667 | C36: ='Run File 09.10.24'!C45 -> 0.163075 | E36: =A36 -> T4 6/11/24 12:00 | F36: =B36/12.0107*1000 -> 294.01006 | G36: =C36/14.0067*1000 -> 11.642642
A37: ='Run File 09.10.24'!A46 -> T5 6/11/24 12:00 | B37: ='Run File 09.10.24'!B46 -> 1.7662667 | C37: ='Run File 09.10.24'!C46 -> 0.311625 | E37: =A37 -> T5 6/11/24 12:00 | F37: =B37/12.0107*1000 -> 147.05776 | G37: =C37/14.0067*1000 -> 22.248281
A38: ='Run File 09.10.24'!A47 -> T6 6/11/24 12:00 | B38: ='Run File 09.10.24'!B47 -> 1.5542667 | C38: ='Run File 09.10.24'!C47 -> 0.327825 | E38: =A38 -> T6 6/11/24 12:00 | F38: =B38/12.0107*1000 -> 129.40683 | G38: =C38/14.0067*1000 -> 23.404871
A39: ='Run File 09.10.24'!A48 -> T7 6/11/24 12:00 | B39: ='Run File 09.10.24'!B48 -> 1.4202667 | C39: ='Run File 09.10.24'!C48 -> 0.328425 | E39: =A39 -> T7 6/11/24 12:00 | F39: =B39/12.0107*1000 -> 118.25012 | G39: =C39/14.0067*1000 -> 23.447707
A40: ='Run File 09.10.24'!A49 -> T8 6/11/24 12:00 | B40: ='Run File 09.10.24'!B49 -> 1.6752667 | C40: ='Run File 09.10.24'!C49 -> 0.394025 | E40: =A40 -> T8 6/11/24 12:00 | F40: =B40/12.0107*1000 -> 139.48118 | G40: =C40/14.0067*1000 -> 28.13118
A41: ='Run File 09.10.24'!A53 -> T9 6/11/24 12:00 | B41: ='Run File 09.10.24'!B53 -> 2.3132667 | C41: ='Run File 09.10.24'!C53 -> 0.430825 | E41: =A41 -> T9 6/11/24 12:00 | F41: =B41/12.0107*1000 -> 192.60049 | G41: =C41/14.0067*1000 -> 30.758494
A42: ='Run File 09.10.24'!A54 -> T10 6/11/24 12:00 | B42: ='Run File 09.10.24'!B54 -> 1.5602667 | C42: ='Run File 09.10.24'!C54 -> 0.303125 | E42: =A42 -> T10 6/11/24 12:00 | F42: =B42/12.0107*1000 -> 129.90639 | G42: =C42/14.0067*1000 -> 21.641429
A43: ='Run File 09.10.24'!A55 -> T11 6/11/24 12:00 | B43: ='Run File 09.10.24'!B55 -> 2.3832667 | C43: ='Run File 09.10.24'!C55 -> 0.317825 | E43: =A43 -> T11 6/11/24 12:00 | F43: =B43/12.0107*1000 -> 198.42862 | G43: =C43/14.0067*1000 -> 22.690926
A44: ='Run File 09.10.24'!A56 -> T12 6/11/24 12:00 | B44: ='Run File 09.10.24'!B56 -> 1.4372667 | C44: ='Run File 09.10.24'!C56 -> 0.262525 | E44: =A44 -> T12 6/11/24 12:00 | F44: =B44/12.0107*1000 -> 119.66552 | G44: =C44/14.0067*1000 -> 18.742816
A45: ='Run File 09.10.24'!A57 -> T13 6/11/24 12:00 | B45: ='Run File 09.10.24'!B57 -> 1.4792667 | C45: ='Run File 09.10.24'!C57 -> 0.262825 | E45: =A45 -> T13 6/11/24 12:00 | F45: =B45/12.0107*1000 -> 123.1624 | G45: =C45/14.0067*1000 -> 18.764234
A46: ='Run File 09.10.24'!A58 -> T14 6/11/24 12:00 | B46: ='Run File 09.10.24'!B58 -> 2.0622667 | C46: ='Run File 09.10.24'!C58 -> 0.334725 | E46: =A46 -> T14 6/11/24 12:00 | F46: =B46/12.0107*1000 -> 171.70245 | G46: =C46/14.0067*1000 -> 23.897492
A47: ='Run File 09.10.24'!A59 -> T15 6/11/24 12:00 | B47: ='Run File 09.10.24'!B59 -> 1.2462667 | C47: ='Run File 09.10.24'!C59 -> 0.252825 | E47: =A47 -> T15 6/11/24 12:00 | F47: =B47/12.0107*1000 -> 103.76303 | G47: =C47/14.0067*1000 -> 18.05029
A48: ='Run File 09.10.24'!A60 -> T16 6/11/24 12:00 | B48: ='Run File 09.10.24'!B60 -> 1.3072667 | C48: ='Run File 09.10.24'!C60 -> 0.263725 | E48: =A48 -> T16 6/11/24 12:00 | F48: =B48/12.0107*1000 -> 108.84184 | G48: =C48/14.0067*1000 -> 18.828489
A49: ='Run File 09.10.24'!A61 -> F1 6/11/24 21:00 | B49: ='Run File 09.10.24'!B61 -> 1.0652667 | C49: ='Run File 09.10.24'!C61 -> 0.409625 | E49: =A49 -> F1 6/11/24 21:00 | F49: =B49/12.0107*1000 -> 88.693138 | G49: =C49/14.0067*1000 -> 29.244933
A50: ='Run File 09.10.24'!A62 -> F2 6/11/24 21:00 | B50: ='Run File 09.10.24'!B62 -> 1.3122667 | C50: ='Run File 09.10.24'!C62 -> 0.422325 | E50: =A50 -> F2 6/11/24 21:00 | F50: =B50/12.0107*1000 -> 109.25813 | G50: =C50/14.0067*1000 -> 30.151642
A51: ='Run File 09.10.24'!A66 -> T1 6/11/24 21:00 | B51: ='Run File 09.10.24'!B66 -> 1.3112667 | C51: ='Run File 09.10.24'!C66 -> 0.418925 | E51: =A51 -> T1 6/11/24 21:00 | F51: =B51/12.0107*1000 -> 109.17487 | G51: =C51/14.0067*1000 -> 29.908901
A52: ='Run File 09.10.24'!A67 -> T2 6/11/24 21:00 | B52: ='Run File 09.10.24'!B67 -> 4.1832667 | C52: ='Run File 09.10.24'!C67 -> 0.171825 | E52: =A52 -> T2 6/11/24 21:00 | F52: =B52/12.0107*1000 -> 348.29499 | G52: =C52/14.0067*1000 -> 12.267343
A53: ='Run File 09.10.24'!A68 -> T3 6/11/24 21:00 | B53: ='Run File 09.10.24'!B68 -> 1.7172667 | C53: ='Run File 09.10.24'!C68 -> 0.384525 | E53: =A53 -> T3 6/11/24 21:00 | F53: =B53/12.0107*1000 -> 142.97807 | G53: =C53/14.0067*1000 -> 27.452933
A54: ='Run File 09.10.24'!A69 -> T4 6/11/24 21:00 | B54: ='Run File 09.10.24'!B69 -> 1.6502667 | C54: ='Run File 09.10.24'!C69 -> 0.434025 | E54: =A54 -> T4 6/11/24 21:00 | F54: =B54/12.0107*1000 -> 137.39971 | G54: =C54/14.0067*1000 -> 30.986956
A55: ='Run File 09.10.24'!A70 -> T5 6/11/24 21:00 | B55: ='Run File 09.10.24'!B70 -> 1.2912667 | C55: ='Run File 09.10.24'!C70 -> 0.272225 | E55: =A55 -> T5 6/11/24 21:00 | F55: =B55/12.0107*1000 -> 107.50969 | G55: =C55/14.0067*1000 -> 19.435342
A56: ='Run File 09.10.24'!A71 -> T6 6/11/24 21:00 | B56: ='Run File 09.10.24'!B71 -> 0.81746667 | C56: ='Run File 09.10.24'!C71 -> 0.160155 | E56: =A56 -> T6 6/11/24 21:00 | F56: =B56/12.0107*1000 -> 68.061534 | G56: =C56/14.0067*1000 -> 11.434171
A57: ='Run File 09.10.24'!A72 -> T7 6/11/24 21:00 | B57: ='Run File 09.10.24'!B72 -> 1.0812667 | C57: ='Run File 09.10.24'!C72 -> 0.380225 | E57: =A57 -> T7 6/11/24 21:00 | F57: =B57/12.0107*1000 -> 90.025283 | G57: =C57/14.0067*1000 -> 27.145937
A58: ='Run File 09.10.24'!A73 -> T8 6/11/24 21:00 | B58: ='Run File 09.10.24'!B73 -> 4.2802667 | C58: ='Run File 09.10.24'!C73 -> 0.174925 | E58: =A58 -> T8 6/11/24 21:00 | F58: =B58/12.0107*1000 -> 356.37112 | G58: =C58/14.0067*1000 -> 12.488666
A59: ='Run File 09.10.24'!A74 -> T9 6/11/24 21:00 | B59: ='Run File 09.10.24'!B74 -> 0.94156667 | C59: ='Run File 09.10.24'!C74 -> 0.228025 | E59: =A59 -> T9 6/11/24 21:00 | F59: =B59/12.0107*1000 -> 78.393988 | G59: =C59/14.0067*1000 -> 16.279709
A60: ='Run File 09.10.24'!A75 -> T10 6/11/24 21:00 | B60: ='Run File 09.10.24'!B75 -> 0.90606667 | C60: ='Run File 09.10.24'!C75 -> 0.194825 | E60: =A60 -> T10 6/11/24 21:00 | F60: =B60/12.0107*1000 -> 75.43829 | G60: =C60/14.0067*1000 -> 13.909415
A61: ='Run File 10.15.24'!A17 -> T11 6/11/24 21:00 | B61: ='Run File 10.15.24'!B17 -> 2.4466083 | C61: ='Run File 10.15.24'!C17 -> 0.461575 | E61: =A61 -> T11 6/11/24 21:00 | F61: =B61/12.0107*1000 -> 203.70239 | G61: =C61/14.0067*1000 -> 32.953872
A62: ='Run File 10.15.24'!A18 -> T12 6/11/24 21:00 | B62: ='Run File 10.15.24'!B18 -> 1.1326083 | C62: ='Run File 10.15.24'!C18 -> 0.410075 | E62: =A62 -> T12 6/11/24 21:00 | F62: =B62/12.0107*1000 -> 94.299944 | G62: =C62/14.0067*1000 -> 29.27706
A63: ='Run File 10.15.24'!A19 -> T13 6/11/24 21:00 | B63: ='Run File 10.15.24'!B19 -> 1.6806083 | C63: ='Run File 10.15.24'!C19 -> 0.490175 | E63: =A63 -> T13 6/11/24 21:00 | F63: =B63/12.0107*1000 -> 139.92593 | G63: =C63/14.0067*1000 -> 34.995752
A64: ='Run File 10.15.24'!A20 -> T14 6/11/24 21:00 | B64: ='Run File 10.15.24'!B20 -> 1.0966083 | C64: ='Run File 10.15.24'!C20 -> 0.463675 | E64: =A64 -> T14 6/11/24 21:00 | F64: =B64/12.0107*1000 -> 91.302616 | G64: =C64/14.0067*1000 -> 33.1038
A65: ='Run File 10.15.24'!A21 -> T15 6/11/24 21:00 | B65: ='Run File 10.15.24'!B21 -> 2.8256083 | C65: ='Run File 10.15.24'!C21 -> 0.449375 | E65: =A65 -> T15 6/11/24 21:00 | F65: =B65/12.0107*1000 -> 235.25759 | G65: =C65/14.0067*1000 -> 32.08286
A66: ='Run File 10.15.24'!A22 -> T16 6/11/24 21:00 | B66: ='Run File 10.15.24'!B22 -> 1.3186083 | C66: ='Run File 10.15.24'!C22 -> 0.374775 | E66: =A66 -> T16 6/11/24 21:00 | F66: =B66/12.0107*1000 -> 109.78614 | G66: =C66/14.0067*1000 -> 26.756838
A67: ='Run File 10.15.24'!A23 -> IN_1 6/16/24 12:00 | B67: ='Run File 10.15.24'!B23 -> 1.2816083 | C67: ='Run File 10.15.24'!C23 -> 0.420775 | E67: =A67 -> IN_1 6/16/24 12:00 | F67: =B67/12.0107*1000 -> 106.70555 | G67: =C67/14.0067*1000 -> 30.04098
A68: ='Run File 10.15.24'!A24 -> IN_2 6/16/24 12:00 | B68: ='Run File 10.15.24'!B24 -> 1.0766083 | C68: ='Run File 10.15.24'!C24 -> 0.379875 | E68: =A68 -> IN_2 6/16/24 12:00 | F68: =B68/12.0107*1000 -> 89.637434 | G68: =C68/14.0067*1000 -> 27.120949
A69: ='Run File 10.15.24'!A25 -> T7 6/16/24 12:00 | B69: ='Run File 10.15.24'!B25 -> 1.0706083 | C69: ='Run File 10.15.24'!C25 -> 0.345775 | E69: =A69 -> T7 6/16/24 12:00 | F69: =B69/12.0107*1000 -> 89.13788 | G69: =C69/14.0067*1000 -> 24.6864
A70: ='Run File 10.15.24'!A26 -> T8 6/16/24 12:00 | B70: ='Run File 10.15.24'!B26 -> 2.3986083 | C70: ='Run File 10.15.24'!C26 -> 0.536275 | E70: =A70 -> T8 6/16/24 12:00 | F70: =B70/12.0107*1000 -> 199.70596 | G70: =C70/14.0067*1000 -> 38.287034
A71: ='Run File 10.15.24'!A30 -> T9 6/16/24 12:00 | B71: ='Run File 10.15.24'!B30 -> 1.1606083 | C71: ='Run File 10.15.24'!C30 -> 0.370875 | E71: =A71 -> T9 6/16/24 12:00 | F71: =B71/12.0107*1000 -> 96.631198 | G71: =C71/14.0067*1000 -> 26.4784
A72: ='Run File 10.15.24'!A31 -> T10 6/16/24 12:00 | B72: ='Run File 10.15.24'!B31 -> 1.0006083 | C72: ='Run File 10.15.24'!C31 -> 0.386375 | E72: =A72 -> T10 6/16/24 12:00 | F72: =B72/12.0107*1000 -> 83.309743 | G72: =C72/14.0067*1000 -> 27.585013
A73: ='Run File 10.15.24'!A32 -> T11 6/16/24 12:00 | B73: ='Run File 10.15.24'!B32 -> 1.8236083 | C73: ='Run File 10.15.24'!C32 -> 0.303675 | E73: =A73 -> T11 6/16/24 12:00 | F73: =B73/12.0107*1000 -> 151.83198 | G73: =C73/14.0067*1000 -> 21.680696
A74: ='Run File 10.15.24'!A33 -> T12 6/16/24 12:00 | B74: ='Run File 10.15.24'!B33 -> 1.7096083 | C74: ='Run File 10.15.24'!C33 -> 0.339075 | E74: =A74 -> T12 6/16/24 12:00 | F74: =B74/12.0107*1000 -> 142.34044 | G74: =C74/14.0067*1000 -> 24.208058
A75: ='Run File 10.15.24'!A34 -> T13 6/16/24 12:00 | B75: ='Run File 10.15.24'!B34 -> 1.1136083 | C75: ='Run File 10.15.24'!C34 -> 0.350275 | E75: =A75 -> T13 6/16/24 12:00 | F75: =B75/12.0107*1000 -> 92.718021 | G75: =C75/14.0067*1000 -> 25.007675
A76: ='Run File 10.15.24'!A35 -> T14 6/16/24 12:00 | B76: ='Run File 10.15.24'!B35 -> 1.1996083 | C76: ='Run File 10.15.24'!C35 -> 0.381975 | E76: =A76 -> T14 6/16/24 12:00 | F76: =B76/12.0107*1000 -> 99.878303 | G76: =C76/14.0067*1000 -> 27.270878
A77: ='Run File 10.15.24'!A36 -> T15 6/16/24 12:00 | B77: ='Run File 10.15.24'!B36 -> 1.0866083 | C77: ='Run File 10.15.24'!C36 -> 0.415975 | E77: =A77 -> T15 6/16/24 12:00 | F77: =B77/12.0107*1000 -> 90.470025 | G77: =C77/14.0067*1000 -> 29.698287
A78: ='Run File 10.15.24'!A37 -> T16 6/16/24 12:00 | B78: ='Run File 10.15.24'!B37 -> 1.7796083 | C78: ='Run File 10.15.24'!C37 -> 0.440775 | E78: =A78 -> T16 6/16/24 12:00 | F78: =B78/12.0107*1000 -> 148.16858 | G78: =C78/14.0067*1000 -> 31.468868
A79: ='Run File 10.15.24'!A38 -> IN_1 6/16/24 21:00 | B79: ='Run File 10.15.24'!B38 -> 0.94000833 | C79: ='Run File 10.15.24'!C38 -> 0.274675 | E79: =A79 -> IN_1 6/16/24 21:00 | F79: =B79/12.0107*1000 -> 78.264242 | G79: =C79/14.0067*1000 -> 19.610258
A80: ='Run File 10.15.24'!A39 -> IN_2 6/16/24 21:00 | B80: ='Run File 10.15.24'!B39 -> 0.92280833 | C80: ='Run File 10.15.24'!C39 -> 0.301675 | E80: =A80 -> IN_2 6/16/24 21:00 | F80: =B80/12.0107*1000 -> 76.832186 | G80: =C80/14.0067*1000 -> 21.537907
A81: ='Run File 10.15.24'!A43 -> T1A 6/16/24 21:00 | B81: ='Run File 10.15.24'!B43 -> 1.2766083 | C81: ='Run File 10.15.24'!C43 -> 0.356775 | E81: =A81 -> T1A 6/16/24 21:00 | F81: =B81/12.0107*1000 -> 106.28925 | G81: =C81/14.0067*1000 -> 25.471739
A82: ='Run File 10.15.24'!A44 -> T2A 6/16/24 21:00 | B82: ='Run File 10.15.24'!B44 -> 1.0976083 | C82: ='Run File 10.15.24'!C44 -> 0.314875 | E82: =A82 -> T2A 6/16/24 21:00 | F82: =B82/12.0107*1000 -> 91.385875 | G82: =C82/14.0067*1000 -> 22.480313
A83: ='Run File 10.15.24'!A45 -> T3A 6/16/24 21:00 | B83: ='Run File 10.15.24'!B45 -> 1.1116083 | C83: ='Run File 10.15.24'!C45 -> 0.309475 | E83: =A83 -> T3A 6/16/24 21:00 | F83: =B83/12.0107*1000 -> 92.551503 | G83: =C83/14.0067*1000 -> 22.094783
A84: ='Run File 10.15.24'!A46 -> T4A 6/16/24 21:00 | B84: ='Run File 10.15.24'!B46 -> 1.2906083 | C84: ='Run File 10.15.24'!C46 -> 0.354475 | E84: =A84 -> T4A 6/16/24 21:00 | F84: =B84/12.0107*1000 -> 107.45488 | G84: =C84/14.0067*1000 -> 25.307531
A85: ='Run File 10.15.24'!A47 -> T5A 6/16/24 21:00 | B85: ='Run File 10.15.24'!B47 -> 1.1346083 | C85: ='Run File 10.15.24'!C47 -> 0.300975 | E85: =A85 -> T5A 6/16/24 21:00 | F85: =B85/12.0107*1000 -> 94.466462 | G85: =C85/14.0067*1000 -> 21.487931
A86: ='Run File 10.15.24'!A48 -> T6A 6/16/24 21:00 | B86: ='Run File 10.15.24'!B48 -> 0.89240833 | C86: ='Run File 10.15.24'!C48 -> 0.218175 | E86: =A86 -> T6A 6/16/24 21:00 | F86: =B86/12.0107*1000 -> 74.301109 | G86: =C86/14.0067*1000 -> 15.576474
A87: ='Run File 10.15.24'!A49 -> T1B 6/16/24 21:00 | B87: ='Run File 10.15.24'!B49 -> 1.4316083 | C87: ='Run File 10.15.24'!C49 -> 0.223875 | E87: =A87 -> T1B 6/16/24 21:00 | F87: =B87/12.0107*1000 -> 119.19441 | G87: =C87/14.0067*1000 -> 15.983422
A88: ='Run File 10.15.24'!A50 -> T2B 6/16/24 21:00 | B88: ='Run File 10.15.24'!B50 -> 2.1666083 | C88: ='Run File 10.15.24'!C50 -> 0.317075 | E88: =A88 -> T2B 6/16/24 21:00 | F88: =B88/12.0107*1000 -> 180.38985 | G88: =C88/14.0067*1000 -> 22.637381
A89: ='Run File 10.15.24'!A51 -> T3B 6/16/24 21:00 | B89: ='Run File 10.15.24'!B51 -> 1.8976083 | C89: ='Run File 10.15.24'!C51 -> 0.362875 | E89: =A89 -> T3B 6/16/24 21:00 | F89: =B89/12.0107*1000 -> 157.99315 | G89: =C89/14.0067*1000 -> 25.907244
A90: ='Run File 10.15.24'!A52 -> T4B 6/16/24 21:00 | B90: ='Run File 10.15.24'!B52 -> 1.4336083 | C90: ='Run File 10.15.24'!C52 -> 0.239575 | E90: =A90 -> T4B 6/16/24 21:00 | F90: =B90/12.0107*1000 -> 119.36093 | G90: =C90/14.0067*1000 -> 17.104314
A91: ='Run File 10.15.24'!A56 -> T5B 6/16/24 21:00 | B91: ='Run File 10.15.24'!B56 -> 0.88960833 | C91: ='Run File 10.15.24'!C56 -> 0.287175 | E91: =A91 -> T5B 6/16/24 21:00 | F91: =B91/12.0107*1000 -> 74.067984 | G91: =C91/14.0067*1000 -> 20.502688
A92: ='Run File 10.15.24'!A57 -> T6B 6/16/24 21:00 | B92: ='Run File 10.15.24'!B57 -> 0.97460833 | C92: ='Run File 10.15.24'!C57 -> 0.314375 | E92: =A92 -> T6B 6/16/24 21:00 | F92: =B92/12.0107*1000 -> 81.145007 | G92: =C92/14.0067*1000 -> 22.444616
A93: ='Run File 10.15.24'!A58 -> T7 6/16/24 21:00 | B93: ='Run File 10.15.24'!B58 -> 0.93500833 | C93: ='Run File 10.15.24'!C58 -> 0.186075 | E93: =A93 -> T7 6/16/24 21:00 | F93: =B93/12.0107*1000 -> 77.847947 | G93: =C93/14.0067*1000 -> 13.284714
A94: ='Run File 10.15.24'!A59 -> T8 6/16/24 21:00 | B94: ='Run File 10.15.24'!B59 -> 0.88360833 | C94: ='Run File 10.15.24'!C59 -> 0.228475 | E94: =A94 -> T8 6/16/24 21:00 | F94: =B94/12.0107*1000 -> 73.568429 | G94: =C94/14.0067*1000 -> 16.311836
A95: ='Run File 10.15.24'!A60 -> T9 6/16/24 21:00 | B95: ='Run File 10.15.24'!B60 -> 1.3796083 | C95: ='Run File 10.15.24'!C60 -> 0.253875 | E95: =A95 -> T9 6/16/24 21:00 | F95: =B95/12.0107*1000 -> 114.86494 | G95: =C95/14.0067*1000 -> 18.125254
A96: ='Run File 10.15.24'!A61 -> T10 6/16/24 21:00 | B96: ='Run File 10.15.24'!B61 -> 1.1326083 | C96: ='Run File 10.15.24'!C61 -> 0.256475 | E96: =A96 -> T10 6/16/24 21:00 | F96: =B96/12.0107*1000 -> 94.299944 | G96: =C96/14.0067*1000 -> 18.31088
A97: ='Run File 10.15.24'!A62 -> T11 6/16/24 21:00 | B97: ='Run File 10.15.24'!B62 -> 0.84860833 | C97: ='Run File 10.15.24'!C62 -> 0.229075 | E97: =A97 -> T11 6/16/24 21:00 | F97: =B97/12.0107*1000 -> 70.654361 | G97: =C97/14.0067*1000 -> 16.354673
A98: ='Run File 10.15.24'!A63 -> T12 6/16/24 21:00 | B98: ='Run File 10.15.24'!B63 -> 0.93590833 | C98: ='Run File 10.15.24'!C63 -> 0.199675 | E98: =A98 -> T12 6/16/24 21:00 | F98: =B98/12.0107*1000 -> 77.92288 | G98: =C98/14.0067*1000 -> 14.255678
A99: ='Run File 10.15.24'!A64 -> T13 6/16/24 21:00 | B99: ='Run File 10.15.24'!B64 -> 0.92250833 | C99: ='Run File 10.15.24'!C64 -> 0.237175 | E99: =A99 -> T13 6/16/24 21:00 | F99: =B99/12.0107*1000 -> 76.807208 | G99: =C99/14.0067*1000 -> 16.932968
A100: ='Run File 10.15.24'!A65 -> T14 6/16/24 21:00 | B100: ='Run File 10.15.24'!B65 -> 0.99160833 | C100: ='Run File 10.15.24'!C65 -> 0.233975 | E100: =A100 -> T14 6/16/24 21:00 | F100: =B100/12.0107*1000 -> 82.560411 | G100: =C100/14.0067*1000 -> 16.704506
A101: ='Run File 10.15.24'!A69 -> T15 6/11/24 21:00 | B101: ='Run File 10.15.24'!B69 -> 0.95860833 | C101: ='Run File 10.15.24'!C69 -> 0.262075 | E101: =A101 -> T15 6/11/24 21:00 | F101: =B101/12.0107*1000 -> 79.812861 | G101: =C101/14.0067*1000 -> 18.710688
A102: ='Run File 10.15.24'!A70 -> T16 6/11/24 21:00 | B102: ='Run File 10.15.24'!B70 -> 0.89520833 | C102: ='Run File 10.15.24'!C70 -> 0.203175 | E102: =A102 -> T16 6/11/24 21:00 | F102: =B102/12.0107*1000 -> 74.534235 | G102: =C102/14.0067*1000 -> 14.505558
A103: ='Run File 10.15.24'!A71 -> IN_1 6/20/24 9PM | B103: ='Run File 10.15.24'!B71 -> 1.4746083 | C103: ='Run File 10.15.24'!C71 -> 0.515875 | E103: =A103 -> IN_1 6/20/24 9PM | F103: =B103/12.0107*1000 -> 122.77455 | G103: =C103/14.0067*1000 -> 36.830588
...

Sheet Run File 09.10.24
A1: System | B1: TOCReg | D1: Deep Seawater Reference Material
A2: S/W Version | B2: 1
A3: User | B3: A.Whitworth | D3: NPOC certified reference value 0.504-0.516 mg/L: 42-43 uM
A4: Date | B4: 45545 | D4: TN certified reference value 0.434-0.448 mg/L: 31-32 uM
A5: Comments | B5: Nelson/Rochette-Yu Tsuen (9/25/24)
A9: Standards
A10: Range | B10: 0-5mg/L
A12: Raw data (mg/L) | E12: Unit conversion
A13: Sample | B13: NPOC (mg/L) | C13: TN (mg/L) | E13: Sample | F13: NPOC (uM) | G13: TN (uM)
A14: DIW | B14: -0.00929 | C14: 0 | E14: =A14 -> DIW | F14: =B14/12.0107*1000 -> -0.77347698 | G14: =C14/14.0067*1000 -> 0
A15: LNSW | B15: 0.9565 | C15: 0.06452 | E15: =A15 -> LNSW | F15: =B15/12.0107*1000 -> 79.637323 | G15: =C15/14.0067*1000 -> 4.606367
A16: DSWR [B24,L05-24] | B16: 0.51306667 | C16: 0.439825 | E16: =A16 -> DSWR [B24,L05-24] | F16: =B16/12.0107*1000 -> 42.717466 | G16: =C16/14.0067*1000 -> 31.401044
A17: F1 6/6/24 21:00 | B17: 5.4242667 | C17: 0.182525 | E17: =A17 -> F1 6/6/24 21:00 | F17: =B17/12.0107*1000 -> 451.61953 | G17: =C17/14.0067*1000 -> 13.031264
A18: T1 6/6/24 21:00 | B18: 1.2832667 | C18: 0.162695 | E18: =A18 -> T1 6/6/24 21:00 | F18: =B18/12.0107*1000 -> 106.84362 | G18: =C18/14.0067*1000 -> 11.615513
A19: T2 6/6/24 21:00 | B19: 1.3752667 | C19: 0.151215 | E19: =A19 -> T2 6/6/24 21:00 | F19: =B19/12.0107*1000 -> 114.50346 | G19: =C19/14.0067*1000 -> 10.795905
A20: T3 6/6/24 21:00 | B20: 1.4882667 | C20: 0.165725 | E20: =A20 -> T3 6/6/24 21:00 | F20: =B20/12.0107*1000 -> 123.91173 | G20: =C20/14.0067*1000 -> 11.831838
A21: T4 6/6/24 21:00 | B21: 1.2792667 | C21: 0.170525 | E21: =A21 -> T4 6/6/24 21:00 | F21: =B21/12.0107*1000 -> 106.51058 | G21: =C21/14.0067*1000 -> 12.174531
A22: T5 6/6/24 21:00 | B22: 1.2342667 | C22: 0.155635 | E22: =A22 -> T5 6/6/24 21:00 | F22: =B22/12.0107*1000 -> 102.76392 | G22: =C22/14.0067*1000 -> 11.111468
A23: T6 6/6/24 21:00 | B23: 1.0782667 | C23: 0.168025 | E23: =A23 -> T6 6/6/24 21:00 | F23: =B23/12.0107*1000 -> 89.775506 | G23: =C23/14.0067*1000 -> 11.996045
A24: DIW | B24: -0.0078 | C24: 0 | E24: =A24 -> DIW | F24: =B24/12.0107*1000 -> -0.64942093 | G24: =C24/14.0067*1000 -> 0
A25: LNSW | B25: 0.8939 | C25: 0.05885 | E25: =A25 -> LNSW | F25: =B25/12.0107*1000 -> 74.425304 | G25: =C25/14.0067*1000 -> 4.2015607
... A78: DSWR [B24,L05-24] | B78: 0.50426667 | C78: 0.442725 | E78: =A78 -> DSWR [B24,L05-24] | F78: =B78/12.0107*1000 -> 41.984786 | G78: =C78/14.0067*1000 -> 31.608088

Sheet Run File 10.15.24
A1: System | B1: TOCReg | D1: Deep Seawater Reference Material
A2: S/W Version | B2: 1
A3: User | B3: A.Whitworth | D3: NPOC certified reference value 0.504-0.516 mg/L: 42-43 uM
A4: Date | B4: 45580 | D4: TN certified reference value 0.434-0.448 mg/L: 31-32 uM
A5: Comments | B5: Nelson/Rochette-Yu Tsuen (9/25/24)
A9: Standards
A10: Range | B10: 0-5mg/L
A12: Raw data (mg/L) | E12: Unit conversion
A13: Sample | B13: NPOC (mg/L) | C13: TN (mg/L) | E13: Sample | F13: NPOC (uM) | G13: TN (uM)
A14: DIW | B14: 0.00381 | C14: 0 | E14: =A14 -> DIW | F14: =B14/12.0107*1000 -> 0.31721715 | G14: =C14/14.0067*1000 -> 0
A15: LNSW | B15: 0.9514 | C15: 0.05719 | E15: =A15 -> LNSW | F15: =B15/12.0107*1000 -> 79.212702 | G15: =C15/14.0067*1000 -> 4.083046
A16: DSWR [B24,L05-24] | B16: 0.50490833 | C16: 0.444475 | E16: =A16 -> DSWR [B24,L05-24] | F16: =B16/12.0107*1000 -> 42.03821 | G16: =C16/14.0067*1000 -> 31.733028
A17: T11 6/11/24 21:00 | B17: 2.4466083 | C17: 0.461575 | E17: =A17 -> T11 6/11/24 21:00 | F17: =B17/12.0107*1000 -> 203.70239 | G17: =C17/14.0067*1000 -> 32.953872
A18: T12 6/11/24 21:00 | B18: 1.1326083 | C18: 0.410075 | E18: =A18 -> T12 6/11/24 21:00 | F18: =B18/12.0107*1000 -> 94.299944 | G18: =C18/14.0067*1000 -> 29.27706
A19: T13 6/11/24 21:00 | B19: 1.6806083 | C19: 0.490175 | E19: =A19 -> T13 6/11/24 21:00 | F19: =B19/12.0107*1000 -> 139.92593 | G19: =C19/14.0067*1000 -> 34.995752
A20: T14 6/11/24 21:00 | B20: 1.0966083 | C20: 0.463675 | E20: =A20 -> T14 6/11/24 21:00 | F20: =B20/12.0107*1000 -> 91.302616 | G20: =C20/14.0067*1000 -> 33.1038
A21: T15 6/11/24 21:00 | B21: 2.8256083 | C21: 0.449375 | E21: =A21 -> T15 6/11/24 21:00 | F21: =B21/12.0107*1000 -> 235.25759 | G21: =C21/14.0067*1000 -> 32.08286
A22: T16 6/11/24 21:00 | B22: 1.3186083 | C22: 0.374775 | E22: =A22 -> T16 6/11/24 21:00 | F22: =B22/12.0107*1000 -> 109.78614 | G22: =C22/14.0067*1000 -> 26.756838
A23: IN_1 6/16/24 12:00 | B23: 1.2816083 | C23: 0.420775 | E23: =A23 -> IN_1 6/16/24 12:00 | F23: =B23/12.0107*1000 -> 106.70555 | G23: =C23/14.0067*1000 -> 30.04098
A24: IN_2 6/16/24 12:00 | B24: 1.0766083 | C24: 0.379875 | E24: =A24 -> IN_2 6/16/24 12:00 | F24: =B24/12.0107*1000 -> 89.637434 | G24: =C24/14.0067*1000 -> 27.120949
A25: T7 6/16/24 12:00 | B25: 1.0706083 | C25: 0.345775 | E25: =A25 -> T7 6/16/24 12:00 | F25: =B25/12.0107*1000 -> 89.13788 | G25: =C25/14.0067*1000 -> 24.6864
... A81: DSWR [B24,L05-24] | B81: 0.50700833 | C81: 0.439375 | E81: =A81 -> DSWR [B24,L05-24] | F81: =B81/12.0107*1000 -> 42.213054 | G81: =C81/14.0067*1000 -> 31.368916

Sheet Run File 10.22.24
A1: System | B1: TOCReg | D1: Deep Seawater Reference Material
A2: S/W Version | B2: 1
A3: User | B3: A.Whitworth | D3: NPOC certified reference value 0.500-0.521mg/L: 41.6-43.4 uM
A4: Date | B4: 45587 | D4: TN certified reference value 0.423-0.450 mg/L: 30.2-32 uM
A5: Comments | B5: Nelson/Rochette-Yu Tsuen (9/25/24)
A9: Standards
A10: Range | B10: 0-5mg/L
A12: Raw data (mg/L) | E12: Unit conversion
A13: Sample | B13: NPOC (mg/L) | C13: TN (mg/L) | E13: Sample | F13: NPOC (uM) | G13: TN (uM)
A14: DIW | B14: -0.03683 | C14: 0 | E14: =A14 -> DIW | F14: =B14/12.0107*1000 -> -3.0664324 | G14: =C14/14.0067*1000 -> 0
A15: LNSW | B15: 0.9404 | C15: 0.05862 | E15: =A15 -> LNSW | F15: =B15/12.0107*1000 -> 78.296852 | G15: =C15/14.0067*1000 -> 4.18514
A16: DSWR [B24,L05-24] | B16: 0.52078333 | C16: 0.44058333 | E16: =A16 -> DSWR [B24,L05-24] | F16: =B16/12.0107*1000 -> 43.359948 | G16: =C16/14.0067*1000 -> 31.455185
A17: T7 6/20/24 9PM | B17: 1.0236833 | C17: 0.44308333 | E17: =A17 -> T7 6/20/24 9PM | F17: =B17/12.0107*1000 -> 85.230947 | G17: =C17/14.0067*1000 -> 31.633671
A18: T8 6/20/24 9PM | B18: 1.0091833 | C18: 0.29708333 | E18: =A18 -> T8 6/20/24 9PM | F18: =B18/12.0107*1000 -> 84.02369 | G18: =C18/14.0067*1000 -> 21.210088
A19: T9 6/20/24 9PM | B19: 0.91398333 | C19: 0.35208333 | E19: =A19 -> T9 6/20/24 9PM | F19: =B19/12.0107*1000 -> 76.097424 | G19: =C19/14.0067*1000 -> 25.13678
A20: T10 6/20/24 9PM | B20: 1.0156833 | C20: 0.38878333 | E20: =A20 -> T10 6/20/24 9PM | F20: =B20/12.0107*1000 -> 84.564874 | G20: =C20/14.0067*1000 -> 27.756954
A21: T11 6/20/24 9PM | B21: 1.7996833 | C21: 0.43118333 | E21: =A21 -> T11 6/20/24 9PM | F21: =B21/12.0107*1000 -> 149.84 | G21: =C21/14.0067*1000 -> 30.784077
A22: T12 6/20/24 9PM | B22: 2.4796833 | C22: 0.52578333 | E22: =A22 -> T12 6/20/24 9PM | F22: =B22/12.0107*1000 -> 206.45619 | G22: =C22/14.0067*1000 -> 37.537988
A23: T13 6/20/24 9PM | B23: 1.0406833 | C23: 0.39438333 | E23: =A23 -> T13 6/20/24 9PM | F23: =B23/12.0107*1000 -> 86.646351 | G23: =C23/14.0067*1000 -> 28.156763
A24: T14 6/20/24 9PM | B24: 1.6526833 | C24: 0.63658333 | E24: =A24 -> T14 6/20/24 9PM | F24: =B24/12.0107*1000 -> 137.60092 | G24: =C24/14.0067*1000 -> 45.448488
A25: T15 6/20/24 9PM | B25: 1.1156833 | C25: 0.25168333 | E25: =A25 -> T15 6/20/24 9PM | F25: =B25/12.0107*1000 -> 92.890783 | G25: =C25/14.0067*1000 -> 17.968782
... A42: DSWR [B24,L05-24] | B42: 0.51838333 | C42: 0.43588333 | E42: =A42 -> DSWR [B24,L05-24] | F42: =B42/12.0107*1000 -> 43.160127 | G42: =C42/14.0067*1000 -> 31.119631

Sheet Run File 11.14.24
A1: System | B1: TOCReg | D1: Deep Seawater Reference Material
A2: S/W Version | B2: 1
A3: User | B3: A.Whitworth | D3: NPOC certified reference value 0.504-0.516 mg/L: 42-43 uM
A4: Date | B4: 45610 | D4: TN certified reference value 0.434-0.448 mg/L: 31-32 uM
A5: Comments | B5: Nelson/Rochette-Yu Tsuen (9/25/24)
A9: Standards
A10: Range | B10: 0-5mg/L
A12: Raw data (mg/L) | E12: Unit conversion
A13: Sample | B13: NPOC (mg/L) | C13: TN (mg/L) | E13: Sample | F13: NPOC (uM) | G13: TN (uM)
A14: DIW | B14: -0.00362 | C14: 0 | E14: =A14 -> DIW | F14: =B14/12.0107*1000 -> -0.30139792 | G14: =C14/14.0067*1000 -> 0
A15: LNSW | B15: 0.8641 | C15: 0.05042 | E15: =A15 -> LNSW | F15: =B15/12.0107*1000 -> 71.944183 | G15: =C15/14.0067*1000 -> 3.5997059
A16: DSWR [B24,L05-24] | B16: 0.51223333 | C16: 0.43455833 | E16: =A16 -> DSWR [B24,L05-24] | F16: =B16/12.0107*1000 -> 42.648083 | G16: =C16/14.0067*1000 -> 31.025033
A17: T9 6/20/24 NOON | B17: 1.0996333 | C17: 0.24745833 | E17: =A17 -> T9 6/20/24 NOON | F17: =B17/12.0107*1000 -> 91.554475 | G17: =C17/14.0067*1000 -> 17.66714
A18: T10 6/20/24 NOON | B18: 1.2486333 | C18: 0.24415833 | E18: =A18 -> T10 6/20/24 NOON | F18: =B18/12.0107*1000 -> 103.96008 | G18: =C18/14.0067*1000 -> 17.431539
A19: T11 6/20/24 NOON | B19: 1.3466333 | C19: 0.25505833 | E19: =A19 -> T11 6/20/24 NOON | F19: =B19/12.0107*1000 -> 112.11947 | G19: =C19/14.0067*1000 -> 18.209738
A20: T12 6/20/24 NOON | B20: 1.2176333 | C20: 0.38375833 | E20: =A20 -> T12 6/20/24 NOON | F20: =B20/12.0107*1000 -> 101.37905 | G20: =C20/14.0067*1000 -> 27.398198
A21: T13 6/20/24 NOON | B21: 0.93483333 | C21: 0.33915833 | E21: =A21 -> T13 6/20/24 NOON | F21: =B21/12.0107*1000 -> 77.833376 | G21: =C21/14.0067*1000 -> 24.214007
A22: T14 6/20/24 NOON | B22: 1.3726333 | C22: 0.25745833 | E22: =A22 -> T14 6/20/24 NOON | F22: =B22/12.0107*1000 -> 114.28421 | G22: =C22/14.0067*1000 -> 18.381084
A23: T15 6/20/24 NOON | B23: 4.5136333 | C23: 0.65795833 | E23: =A23 -> T15 6/20/24 NOON | F23: =B23/12.0107*1000 -> 375.80102 | G23: =C23/14.0067*1000 -> 46.974543
A24: T16 6/20/24 NOON | B24: 1.0676333 | C24: 0.50005833 | E24: =A24 -> T16 6/20/24 NOON | F24: =B24/12.0107*1000 -> 88.890184 | G24: =C24/14.0067*1000 -> 35.701367
A25: C1 6/26/24 14:00 | B25: 1.9116333 | C25: 0.39335833 | E25: =A25 -> C1 6/26/24 14:00 | F25: =B25/12.0107*1000 -> 159.16086 | G25: =C25/14.0067*1000 -> 28.083584
... A49: DSWR [B24,L05-24] | B49: 0.51323333 | C49: 0.43385833 | E49: =A49 -> DSWR [B24,L05-24] | F49: =B49/12.0107*1000 -> 42.731342 | G49: =C49/14.0067*1000 -> 30.975057
