Workbook

Sheet Final Results
C1: Data Provided by:
C2: SOEST Laboratory for
C3: Analtyical Biogeochemistry (S-LAB)
C4: University of Hawaii at Manoa
C5: 1000 Pope Rd
C6: Honolulu, HI 96822
C7: 808-956-5878
C9: Date Samples Received: | E9: 45575
C11: Project: | D11: Nelson/Rochette-Yu Tsuen
A13: Sample | B13: NPOC (mg/L) | C13: TN (mg/L) | E13: Sample | F13: NPOC (uM) | G13: TN (uM)
A14: ='Run File 11.14.24'!A17 -> F1_IN 06/02/24 12:00 | B14: ='Run File 11.14.24'!B17 -> 1.6666333 | C14: ='Run File 11.14.24'!C17 -> 0.16419833 | E14: =A14 -> F1_IN 06/02/24 12:00 | F14: =B14/12.0107*1000 -> 138.76238 | G14: =C14/14.0067*1000 -> 11.722842
A15: ='Run File 11.14.24'!A18 -> F2_IN 06/02/24 12:00 | B15: ='Run File 11.14.24'!B18 -> 1.7546333 | C15: ='Run File 11.14.24'!C18 -> 0.16780833 | E15: =A15 -> F2_IN 06/02/24 12:00 | F15: =B15/12.0107*1000 -> 146.08918 | G15: =C15/14.0067*1000 -> 11.980576
A16: ='Run File 11.14.24'!A19 -> T1 06/02/24 12:00 | B16: ='Run File 11.14.24'!B19 -> 2.5886333 | C16: ='Run File 11.14.24'!C19 -> 0.21105833 | E16: =A16 -> T1 06/02/24 12:00 | F16: =B16/12.0107*1000 -> 215.52727 | G16: =C16/14.0067*1000 -> 15.068384
A17: ='Run File 11.14.24'!A20 -> T2 06/02/24 12:00 | B17: ='Run File 11.14.24'!B20 -> 1.9146333 | C17: ='Run File 11.14.24'!C20 -> 0.20005833 | E17: =A17 -> T2 06/02/24 12:00 | F17: =B17/12.0107*1000 -> 159.41064 | G17: =C17/14.0067*1000 -> 14.283045
A18: ='Run File 11.14.24'!A21 -> T3 06/02/24 12:00 | B18: ='Run File 11.14.24'!B21 -> 2.4946333 | C18: ='Run File 11.14.24'!C21 -> 0.36035833 | E18: =A18 -> T3 06/02/24 12:00 | F18: =B18/12.0107*1000 -> 207.70091 | G18: =C18/14.0067*1000 -> 25.727568
A19: ='Run File 11.14.24'!A22 -> T4 06/02/24 12:00 | B19: ='Run File 11.14.24'!B22 -> 3.1026333 | C19: ='Run File 11.14.24'!C22 -> 0.20285833 | E19: =A19 -> T4 06/02/24 12:00 | F19: =B19/12.0107*1000 -> 258.32244 | G19: =C19/14.0067*1000 -> 14.48295
A20: ='Run File 11.14.24'!A23 -> T5 06/02/24 12:00 | B20: ='Run File 11.14.24'!B23 -> 1.7076333 | C20: ='Run File 11.14.24'!C23 -> 0.18605833 | E20: =A20 -> T5 06/02/24 12:00 | F20: =B20/12.0107*1000 -> 142.176 | G20: =C20/14.0067*1000 -> 13.283524
A21: ='Run File 11.14.24'!A24 -> T6 06/02/24 12:00 | B21: ='Run File 11.14.24'!B24 -> 2.2096333 | C21: ='Run File 11.14.24'!C24 -> 0.27075833 | E21: =A21 -> T6 06/02/24 12:00 | F21: =B21/12.0107*1000 -> 183.97207 | G21: =C21/14.0067*1000 -> 19.33063
A22: ='Run File 11.14.24'!A28 -> T7 06/02/24 12:00 | B22: ='Run File 11.14.24'!B28 -> 1.7666333 | C22: ='Run File 11.14.24'!C28 -> 0.19435833 | E22: =A22 -> T7 06/02/24 12:00 | F22: =B22/12.0107*1000 -> 147.08829 | G22: =C22/14.0067*1000 -> 13.876097
A23: ='Run File 11.14.24'!A29 -> T8 06/02/24 12:00 | B23: ='Run File 11.14.24'!B29 -> 1.6506333 | C23: ='Run File 11.14.24'!C29 -> 0.18945833 | E23: =A23 -> T8 06/02/24 12:00 | F23: =B23/12.0107*1000 -> 137.43024 | G23: =C23/14.0067*1000 -> 13.526265
A24: ='Run File 11.14.24'!A30 -> T9 06/02/24 12:00 | B24: ='Run File 11.14.24'!B30 -> 1.7396333 | C24: ='Run File 11.14.24'!C30 -> 0.17598833 | E24: =A24 -> T9 06/02/24 12:00 | F24: =B24/12.0107*1000 -> 144.8403 | G24: =C24/14.0067*1000 -> 12.564582
A25: ='Run File 11.14.24'!A31 -> T10 06/02/24 12:00 | B25: ='Run File 11.14.24'!B31 -> 2.1946333 | C25: ='Run File 11.14.24'!C31 -> 0.31915833 | E25: =A25 -> T10 06/02/24 12:00 | F25: =B25/12.0107*1000 -> 182.72318 | G25: =C25/14.0067*1000 -> 22.786119
A26: ='Run File 11.14.24'!A32 -> T11 06/02/24 12:00 | B26: ='Run File 11.14.24'!B32 -> 1.5456333 | C26: ='Run File 11.14.24'!C32 -> 0.19555833 | E26: =A26 -> T11 06/02/24 12:00 | F26: =B26/12.0107*1000 -> 128.68803 | G26: =C26/14.0067*1000 -> 13.961771
A27: ='Run File 11.14.24'!A33 -> T12 06/02/24 12:00 | B27: ='Run File 11.14.24'!B33 -> 1.8316333 | C27: ='Run File 11.14.24'!C33 -> 0.24225833 | E27: =A27 -> T12 06/02/24 12:00 | F27: =B27/12.0107*1000 -> 152.50013 | G27: =C27/14.0067*1000 -> 17.295889
A28: ='Run File 11.14.24'!A34 -> T13 06/02/24 12:00 | B28: ='Run File 11.14.24'!B34 -> 1.7776333 | C28: ='Run File 11.14.24'!C34 -> 0.19555833 | E28: =A28 -> T13 06/02/24 12:00 | F28: =B28/12.0107*1000 -> 148.00414 | G28: =C28/14.0067*1000 -> 13.961771
A29: ='Run File 11.19.24'!A17 -> T14 06/02/24 12:00 | B29: ='Run File 11.19.24'!B17 -> 1.6704 | C29: ='Run File 11.19.24'!C17 -> 0.15784 | E29: =A29 -> T14 06/02/24 12:00 | F29: =B29/12.0107*1000 -> 139.07599 | G29: =C29/14.0067*1000 -> 11.268893
A30: ='Run File 11.19.24'!A18 -> T15 06/02/24 12:00 | B30: ='Run File 11.19.24'!B18 -> 1.5954 | C30: ='Run File 11.19.24'!C18 -> 0.1594 | E30: =A30 -> T15 06/02/24 12:00 | F30: =B30/12.0107*1000 -> 132.83156 | G30: =C30/14.0067*1000 -> 11.380268
A31: ='Run File 11.19.24'!A19 -> T16 06/02/24 12:00 | B31: ='Run File 11.19.24'!B19 -> 1.6824 | C31: ='Run File 11.19.24'!C19 -> 0.17692 | E31: =A31 -> T16 06/02/24 12:00 | F31: =B31/12.0107*1000 -> 140.0751 | G31: =C31/14.0067*1000 -> 12.631098
A32: ='Run File 11.19.24'!A20 -> F1_IN 06/02/24 18:00 | B32: ='Run File 11.19.24'!B20 -> 1.3574 | C32: ='Run File 11.19.24'!C20 -> 0.22562 | E32: =A32 -> F1_IN 06/02/24 18:00 | F32: =B32/12.0107*1000 -> 113.01589 | G32: =C32/14.0067*1000 -> 16.108005
A33: ='Run File 11.19.24'!A21 -> F2_IN 06/02/24 18:00 | B33: ='Run File 11.19.24'!B21 -> 1.2484 | C33: ='Run File 11.19.24'!C21 -> 0.15196 | E33: =A33 -> F2_IN 06/02/24 18:00 | F33: =B33/12.0107*1000 -> 103.94065 | G33: =C33/14.0067*1000 -> 10.849094
A34: ='Run File 11.19.24'!A22 -> T1 06/02/24 18:00 | B34: ='Run File 11.19.24'!B22 -> 1.4204 | C34: ='Run File 11.19.24'!C22 -> 0.15567 | E34: =A34 -> T1 06/02/24 18:00 | F34: =B34/12.0107*1000 -> 118.26122 | G34: =C34/14.0067*1000 -> 11.113967
A35: ='Run File 11.19.24'!A23 -> T2 06/02/24 18:00 | B35: ='Run File 11.19.24'!B23 -> 1.2714 | C35: ='Run File 11.19.24'!C23 -> 0.15449 | E35: =A35 -> T2 06/02/24 18:00 | F35: =B35/12.0107*1000 -> 105.85561 | G35: =C35/14.0067*1000 -> 11.029721
A36: ='Run File 11.19.24'!A27 -> T3 06/02/24 18:00 | B36: ='Run File 11.19.24'!B27 -> 1.2044 | C36: ='Run File 11.19.24'!C27 -> 0.16682 | E36: =A36 -> T3 06/02/24 18:00 | F36: =B36/12.0107*1000 -> 100.27725 | G36: =C36/14.0067*1000 -> 11.910014
A37: ='Run File 11.19.24'!A28 -> T4 06/02/24 18:00 | B37: ='Run File 11.19.24'!B28 -> 1.5374 | C37: ='Run File 11.19.24'!C28 -> 0.15008 | E37: =A37 -> T4 06/02/24 18:00 | F37: =B37/12.0107*1000 -> 128.00253 | G37: =C37/14.0067*1000 -> 10.714872
A38: ='Run File 11.19.24'!A29 -> T5 06/02/24 18:00 | B38: ='Run File 11.19.24'!B29 -> 1.2934 | C38: ='Run File 11.19.24'!C29 -> 0.15911 | E38: =A38 -> T5 06/02/24 18:00 | F38: =B38/12.0107*1000 -> 107.68731 | G38: =C38/14.0067*1000 -> 11.359564
A39: ='Run File 11.19.24'!A30 -> T6 06/02/24 18:00 | B39: ='Run File 11.19.24'!B30 -> 1.5464 | C39: ='Run File 11.19.24'!C30 -> 0.22192 | E39: =A39 -> T6 06/02/24 18:00 | F39: =B39/12.0107*1000 -> 128.75186 | G39: =C39/14.0067*1000 -> 15.843846
A40: ='Run File 11.19.24'!A31 -> T7 06/02/24 18:00 | B40: ='Run File 11.19.24'!B31 -> 1.3214 | C40: ='Run File 11.19.24'!C31 -> 0.16377 | E40: =A40 -> T7 06/02/24 18:00 | F40: =B40/12.0107*1000 -> 110.01857 | G40: =C40/14.0067*1000 -> 11.692262
A41: ='Run File 11.19.24'!A32 -> T8 06/02/24 18:00 | B41: ='Run File 11.19.24'!B32 -> 5.1504 | C41: ='Run File 11.19.24'!C32 -> 0.16905 | E41: =A41 -> T8 06/02/24 18:00 | F41: =B41/12.0107*1000 -> 428.81764 | G41: =C41/14.0067*1000 -> 12.069224
A42: ='Run File 11.19.24'!A33 -> T9 06/02/24 18:00 | B42: ='Run File 11.19.24'!B33 -> 1.6884 | C42: ='Run File 11.19.24'!C33 -> 0.31972 | E42: =A42 -> T9 06/02/24 18:00 | F42: =B42/12.0107*1000 -> 140.57465 | G42: =C42/14.0067*1000 -> 22.826219
A43: ='Run File 11.19.24'!A34 -> T10 06/02/24 18:00 | B43: ='Run File 11.19.24'!B34 -> 1.4824 | C43: ='Run File 11.19.24'!C34 -> 0.24722 | E43: =A43 -> T10 06/02/24 18:00 | F43: =B43/12.0107*1000 -> 123.42328 | G43: =C43/14.0067*1000 -> 17.650125
A44: ='Run File 11.19.24'!A35 -> T11 06/02/24 18:00 | B44: ='Run File 11.19.24'!B35 -> 4.6584 | C44: ='Run File 11.19.24'!C35 -> 0.23022 | E44: =A44 -> T11 06/02/24 18:00 | F44: =B44/12.0107*1000 -> 387.85416 | G44: =C44/14.0067*1000 -> 16.43642
A45: ='Run File 11.19.24'!A36 -> T12 06/02/24 18:00 | B45: ='Run File 11.19.24'!B36 -> 1.4794 | C45: ='Run File 11.19.24'!C36 -> 0.21692 | E45: =A45 -> T12 06/02/24 18:00 | F45: =B45/12.0107*1000 -> 123.1735 | G45: =C45/14.0067*1000 -> 15.486874
A46: ='Run File 11.19.24'!A40 -> T13 06/02/24 18:00 | B46: ='Run File 11.19.24'!B40 -> 1.5764 | C46: ='Run File 11.19.24'!C40 -> 0.21842 | E46: =A46 -> T13 06/02/24 18:00 | F46: =B46/12.0107*1000 -> 131.24964 | G46: =C46/14.0067*1000 -> 15.593966
A47: ='Run File 11.19.24'!A41 -> T14 06/02/24 18:00 | B47: ='Run File 11.19.24'!B41 -> 1.2354 | C47: ='Run File 11.19.24'!C41 -> 0.16451 | E47: =A47 -> T14 06/02/24 18:00 | F47: =B47/12.0107*1000 -> 102.85828 | G47: =C47/14.0067*1000 -> 11.745093
A48: ='Run File 11.19.24'!A42 -> T15 06/02/24 18:00 | B48: ='Run File 11.19.24'!B42 -> 1.5494 | C48: ='Run File 11.19.24'!C42 -> 0.25382 | E48: =A48 -> T15 06/02/24 18:00 | F48: =B48/12.0107*1000 -> 129.00164 | G48: =C48/14.0067*1000 -> 18.121328
A49: ='Run File 11.19.24'!A43 -> T16 06/02/24 18:00 | B49: ='Run File 11.19.24'!B43 -> 1.6134 | C49: ='Run File 11.19.24'!C43 -> 0.28202 | E49: =A49 -> T16 06/02/24 18:00 | F49: =B49/12.0107*1000 -> 134.33022 | G49: =C49/14.0067*1000 -> 20.13465
A50: ='Run File 11.19.24'!A44 -> F1_IN 06/03/24 0:00 | B50: ='Run File 11.19.24'!B44 -> 3.8264 | C50: ='Run File 11.19.24'!C44 -> 0.16384 | E50: =A50 -> F1_IN 06/03/24 0:00 | F50: =B50/12.0107*1000 -> 318.5826 | G50: =C50/14.0067*1000 -> 11.697259
A51: ='Run File 11.19.24'!A45 -> F2_IN 06/03/24 0:00 | B51: ='Run File 11.19.24'!B45 -> 3.8684 | C51: ='Run File 11.19.24'!C45 -> 0.15447 | E51: =A51 -> F2_IN 06/03/24 0:00 | F51: =B51/12.0107*1000 -> 322.07948 | G51: =C51/14.0067*1000 -> 11.028294
A52: ='Run File 11.19.24'!A46 -> T1 06/03/24 0:00 | B52: ='Run File 11.19.24'!B46 -> 1.8994 | C52: ='Run File 11.19.24'!C46 -> 0.28342 | E52: =A52 -> T1 06/03/24 0:00 | F52: =B52/12.0107*1000 -> 158.14232 | G52: =C52/14.0067*1000 -> 20.234602
A53: ='Run File 11.19.24'!A47 -> T2 06/03/24 0:00 | B53: ='Run File 11.19.24'!B47 -> 4.2644 | C53: ='Run File 11.19.24'!C47 -> 0.1692 | E53: =A53 -> T2 06/03/24 0:00 | F53: =B53/12.0107*1000 -> 355.05008 | G53: =C53/14.0067*1000 -> 12.079933
A54: ='Run File 11.19.24'!A48 -> T3 06/03/24 0:00 | B54: ='Run File 11.19.24'!B48 -> 4.0454 | C54: ='Run File 11.19.24'!C48 -> 0.18142 | E54: =A54 -> T3 06/03/24 0:00 | F54: =B54/12.0107*1000 -> 336.81634 | G54: =C54/14.0067*1000 -> 12.952373
A55: ='Run File 11.19.24'!A49 -> T4 06/03/24 0:00 | B55: ='Run File 11.19.24'!B49 -> 1.3054 | C55: ='Run File 11.19.24'!C49 -> 0.1425 | E55: =A55 -> T4 06/03/24 0:00 | F55: =B55/12.0107*1000 -> 108.68642 | G55: =C55/14.0067*1000 -> 10.173703
A56: ='Run File 11.19.24'!A53 -> T5 06/03/24 0:00 | B56: ='Run File 11.19.24'!B53 -> 3.7404 | C56: ='Run File 11.19.24'!C53 -> 0.15831 | E56: =A56 -> T5 06/03/24 0:00 | F56: =B56/12.0107*1000 -> 311.42232 | G56: =C56/14.0067*1000 -> 11.302448
A57: ='Run File 11.19.24'!A54 -> T6 06/03/24 0:00 | B57: ='Run File 11.19.24'!B54 -> 1.1394 | C57: ='Run File 11.19.24'!C54 -> 0.14535 | E57: =A57 -> T6 06/03/24 0:00 | F57: =B57/12.0107*1000 -> 94.865412 | G57: =C57/14.0067*1000 -> 10.377177
A58: ='Run File 11.19.24'!A55 -> T7 06/03/24 0:00 | B58: ='Run File 11.19.24'!B55 -> 1.1094 | C58: ='Run File 11.19.24'!C55 -> 0.14185 | E58: =A58 -> T7 06/03/24 0:00 | F58: =B58/12.0107*1000 -> 92.367639 | G58: =C58/14.0067*1000 -> 10.127296
A59: ='Run File 11.19.24'!A56 -> T8 06/03/24 0:00 | B59: ='Run File 11.19.24'!B56 -> 1.0304 | C59: ='Run File 11.19.24'!C56 -> 0.14229 | E59: =A59 -> T8 06/03/24 0:00 | F59: =B59/12.0107*1000 -> 85.79017 | G59: =C59/14.0067*1000 -> 10.15871
A60: ='Run File 11.19.24'!A57 -> T9 06/03/24 0:00 | B60: ='Run File 11.19.24'!B57 -> 1.0664 | C60: ='Run File 11.19.24'!C57 -> 0.14926 | E60: =A60 -> T9 06/03/24 0:00 | F60: =B60/12.0107*1000 -> 88.787498 | G60: =C60/14.0067*1000 -> 10.656329
A61: ='Run File 11.19.24'!A58 -> T10 06/03/24 0:00 | B61: ='Run File 11.19.24'!B58 -> 1.0434 | C61: ='Run File 11.19.24'!C58 -> 0.15175 | E61: =A61 -> T10 06/03/24 0:00 | F61: =B61/12.0107*1000 -> 86.872539 | G61: =C61/14.0067*1000 -> 10.834101
A62: ='Run File 11.19.24'!A59 -> T11 06/03/24 0:00 | B62: ='Run File 11.19.24'!B59 -> 0.9794 | C62: ='Run File 11.19.24'!C59 -> 0.14112 | E62: =A62 -> T11 06/03/24 0:00 | F62: =B62/12.0107*1000 -> 81.543957 | G62: =C62/14.0067*1000 -> 10.075178
A63: ='Run File 11.19.24'!A60 -> T12 06/03/24 0:00 | B63: ='Run File 11.19.24'!B60 -> 1.0054 | C63: ='Run File 11.19.24'!C60 -> 0.14217 | E63: =A63 -> T12 06/03/24 0:00 | F63: =B63/12.0107*1000 -> 83.708693 | G63: =C63/14.0067*1000 -> 10.150142
A64: ='Run File 11.19.24'!A61 -> T13 06/03/24 0:00 | B64: ='Run File 11.19.24'!B61 -> 4.3504 | C64: ='Run File 11.19.24'!C61 -> 0.158 | E64: =A64 -> T13 06/03/24 0:00 | F64: =B64/12.0107*1000 -> 362.21036 | G64: =C64/14.0067*1000 -> 11.280316
A65: ='Run File 11.19.24'!A62 -> T14 06/03/24 0:00 | B65: ='Run File 11.19.24'!B62 -> 1.1954 | C65: ='Run File 11.19.24'!C62 -> 0.13785 | E65: =A65 -> T14 06/03/24 0:00 | F65: =B65/12.0107*1000 -> 99.527921 | G65: =C65/14.0067*1000 -> 9.8417186
A66: ='Run File 11.19.24'!A66 -> T15 06/03/24 0:00 | B66: ='Run File 11.19.24'!B66 -> 1.1184 | C66: ='Run File 11.19.24'!C66 -> 0.1698 | E66: =A66 -> T15 06/03/24 0:00 | F66: =B66/12.0107*1000 -> 93.116971 | G66: =C66/14.0067*1000 -> 12.12277
A67: ='Run File 11.19.24'!A67 -> T16 06/03/24 0:00 | B67: ='Run File 11.19.24'!B67 -> 1.0744 | C67: ='Run File 11.19.24'!C67 -> 0.15475 | E67: =A67 -> T16 06/03/24 0:00 | F67: =B67/12.0107*1000 -> 89.453571 | G67: =C67/14.0067*1000 -> 11.048284
A68: ='Run File 11.19.24'!A68 -> F1_IN 06/03/24 6:00 | B68: ='Run File 11.19.24'!B68 -> 0.9016 | C68: ='Run File 11.19.24'!C68 -> 0.14153 | E68: =A68 -> F1_IN 06/03/24 6:00 | F68: =B68/12.0107*1000 -> 75.066399 | G68: =C68/14.0067*1000 -> 10.10445
A69: ='Run File 11.19.24'!A69 -> T1 06/03/24 6:00 | B69: ='Run File 11.19.24'!B69 -> 1.0154 | C69: ='Run File 11.19.24'!C69 -> 0.14082 | E69: =A69 -> T1 06/03/24 6:00 | F69: =B69/12.0107*1000 -> 84.541284 | G69: =C69/14.0067*1000 -> 10.05376
A70: ='Run File 11.19.24'!A70 -> T2 06/03/24 6:00 | B70: ='Run File 11.19.24'!B70 -> 0.9534 | C70: ='Run File 11.19.24'!C70 -> 0.13379 | E70: =A70 -> T2 06/03/24 6:00 | F70: =B70/12.0107*1000 -> 79.37922 | G70: =C70/14.0067*1000 -> 9.5518573
A71: ='Run File 11.19.24'!A71 -> T3 06/03/24 6:00 | B71: ='Run File 11.19.24'!B71 -> 0.8591 | C71: ='Run File 11.19.24'!C71 -> 0.14462 | E71: =A71 -> T3 06/03/24 6:00 | F71: =B71/12.0107*1000 -> 71.527888 | G71: =C71/14.0067*1000 -> 10.325059
A72: ='Run File 11.19.24'!A72 -> T4 06/03/24 6:00 | B72: ='Run File 11.19.24'!B72 -> 1.5814 | C72: ='Run File 11.19.24'!C72 -> 0.19512 | E72: =A72 -> T4 06/03/24 6:00 | F72: =B72/12.0107*1000 -> 131.66593 | G72: =C72/14.0067*1000 -> 13.930476
A73: ='Run File 11.19.24'!A73 -> T5 06/03/24 6:00 | B73: ='Run File 11.19.24'!B73 -> 0.9028 | C73: ='Run File 11.19.24'!C73 -> 0.15136 | E73: =A73 -> T5 06/03/24 6:00 | F73: =B73/12.0107*1000 -> 75.16631 | G73: =C73/14.0067*1000 -> 10.806257
A74: ='Run File 11.19.24'!A74 -> T6 06/03/24 6:00 | B74: ='Run File 11.19.24'!B74 -> 1.0014 | C74: ='Run File 11.19.24'!C74 -> 0.17842 | E74: =A74 -> T6 06/03/24 6:00 | F74: =B74/12.0107*1000 -> 83.375657 | G74: =C74/14.0067*1000 -> 12.73819
A75: ='Run File 11.19.24'!A75 -> T7 06/03/24 6:00 | B75: ='Run File 11.19.24'!B75 -> 1.1904 | C75: ='Run File 11.19.24'!C75 -> 0.18102 | E75: =A75 -> T7 06/03/24 6:00 | F75: =B75/12.0107*1000 -> 99.111625 | G75: =C75/14.0067*1000 -> 12.923815
A76: ='Run File 11.21.24'!A17 -> T8 06/03/24 6:00 | B76: ='Run File 11.21.24'!B17 -> 0.98725 | C76: ='Run File 11.21.24'!C17 -> 0.16429 | E76: =A76 -> T8 06/03/24 6:00 | F76: =B76/12.0107*1000 -> 82.197541 | G76: =C76/14.0067*1000 -> 11.729387
A77: ='Run File 11.21.24'!A18 -> T9 06/03/24 6:00 | B77: ='Run File 11.21.24'!B18 -> 1.81005 | C77: ='Run File 11.21.24'!C18 -> 0.2532 | E77: =A77 -> T9 06/03/24 6:00 | F77: =B77/12.0107*1000 -> 150.70312 | G77: =C77/14.0067*1000 -> 18.077063
A78: ='Run File 11.21.24'!A19 -> T10 06/03/24 6:00 | B78: ='Run File 11.21.24'!B19 -> 1.81005 | C78: ='Run File 11.21.24'!C19 -> 0.3016 | E78: =A78 -> T10 06/03/24 6:00 | F78: =B78/12.0107*1000 -> 150.70312 | G78: =C78/14.0067*1000 -> 21.532552
A79: ='Run File 11.21.24'!A20 -> T11 06/03/24 6:00 | B79: ='Run File 11.21.24'!B20 -> 1.04505 | C79: ='Run File 11.21.24'!C20 -> 1.1192 | E79: =A79 -> T11 06/03/24 6:00 | F79: =B79/12.0107*1000 -> 87.009916 | G79: =C79/14.0067*1000 -> 79.904617
A80: ='Run File 11.21.24'!A21 -> T13 06/03/24 6:00 | B80: ='Run File 11.21.24'!B21 -> 1.40505 | C80: ='Run File 11.21.24'!C21 -> 0.1728 | E80: =A80 -> T13 06/03/24 6:00 | F80: =B80/12.0107*1000 -> 116.98319 | G80: =C80/14.0067*1000 -> 12.336953
A81: ='Run File 11.21.24'!A22 -> T14 06/03/24 6:00 | B81: ='Run File 11.21.24'!B22 -> 1.52805 | C81: ='Run File 11.21.24'!C22 -> 0.2174 | E81: =A81 -> T14 06/03/24 6:00 | F81: =B81/12.0107*1000 -> 127.22406 | G81: =C81/14.0067*1000 -> 15.521143
A82: ='Run File 11.21.24'!A23 -> T15 06/03/24 6:00 | B82: ='Run File 11.21.24'!B23 -> 1.83905 | C82: ='Run File 11.21.24'!C23 -> 0.2247 | E82: =A82 -> T15 06/03/24 6:00 | F82: =B82/12.0107*1000 -> 153.11764 | G82: =C82/14.0067*1000 -> 16.042323
A83: ='Run File 11.21.24'!A24 -> T16 06/03/24 6:00 | B83: ='Run File 11.21.24'!B24 -> 1.09605 | C83: ='Run File 11.21.24'!C24 -> 0.16031 | E83: =A83 -> T16 06/03/24 6:00 | F83: =B83/12.0107*1000 -> 91.25613 | G83: =C83/14.0067*1000 -> 11.445237
A84: ='Run File 11.21.24'!A25 -> F1 06/04/24 12:00 | B84: ='Run File 11.21.24'!B25 -> 1.07305 | C84: ='Run File 11.21.24'!C25 -> 0.14723 | E84: =A84 -> F1 06/04/24 12:00 | F84: =B84/12.0107*1000 -> 89.341171 | G84: =C84/14.0067*1000 -> 10.511398
A85: ='Run File 11.21.24'!A29 -> F2_IN 06/04/24 12:00 | B85: ='Run File 11.21.24'!B29 -> 1.10705 | C85: ='Run File 11.21.24'!C29 -> 0.14594 | E85: =A85 -> F2_IN 06/04/24 12:00 | F85: =B85/12.0107*1000 -> 92.17198 | G85: =C85/14.0067*1000 -> 10.419299
A86: ='Run File 11.21.24'!A30 -> T1 06/04/24 12:00 | B86: ='Run File 11.21.24'!B30 -> 1.16905 | C86: ='Run File 11.21.24'!C30 -> 0.14878 | E86: =A86 -> T1 06/04/24 12:00 | F86: =B86/12.0107*1000 -> 97.334044 | G86: =C86/14.0067*1000 -> 10.622059
A87: ='Run File 11.21.24'!A31 -> T2 06/04/24 12:00 | B87: ='Run File 11.21.24'!B31 -> 1.21105 | C87: ='Run File 11.21.24'!C31 -> 0.1496 | E87: =A87 -> T2 06/04/24 12:00 | F87: =B87/12.0107*1000 -> 100.83093 | G87: =C87/14.0067*1000 -> 10.680603
A88: ='Run File 11.21.24'!A32 -> T3 06/04/24 12:00 | B88: ='Run File 11.21.24'!B32 -> 1.04605 | C88: ='Run File 11.21.24'!C32 -> 0.1391 | E88: =A88 -> T3 06/04/24 12:00 | F88: =B88/12.0107*1000 -> 87.093175 | G88: =C88/14.0067*1000 -> 9.9309616
A89: ='Run File 11.21.24'!A33 -> T4 06/04/24 12:00 | B89: ='Run File 11.21.24'!B33 -> 1.24605 | C89: ='Run File 11.21.24'!C33 -> 0.14615 | E89: =A89 -> T4 06/04/24 12:00 | F89: =B89/12.0107*1000 -> 103.74499 | G89: =C89/14.0067*1000 -> 10.434292
A90: ='Run File 11.21.24'!A34 -> T5 06/04/24 12:00 | B90: ='Run File 11.21.24'!B34 -> 1.09105 | C90: ='Run File 11.21.24'!C34 -> 0.14556 | E90: =A90 -> T5 06/04/24 12:00 | F90: =B90/12.0107*1000 -> 90.839834 | G90: =C90/14.0067*1000 -> 10.392169
A91: ='Run File 11.21.24'!A35 -> T6 06/04/24 12:00 | B91: ='Run File 11.21.24'!B35 -> 1.15105 | C91: ='Run File 11.21.24'!C35 -> 0.15158 | E91: =A91 -> T6 06/04/24 12:00 | F91: =B91/12.0107*1000 -> 95.83538 | G91: =C91/14.0067*1000 -> 10.821964
A92: ='Run File 11.21.24'!A36 -> T7 06/04/24 12:00 | B92: ='Run File 11.21.24'!B36 -> 1.14205 | C92: ='Run File 11.21.24'!C36 -> 0.1446 | E92: =A92 -> T7 06/04/24 12:00 | F92: =B92/12.0107*1000 -> 95.086048 | G92: =C92/14.0067*1000 -> 10.323631
A93: ='Run File 11.21.24'!A37 -> T8 06/04/24 12:00 | B93: ='Run File 11.21.24'!B37 -> 1.14005 | C93: ='Run File 11.21.24'!C37 -> 0.14449 | E93: =A93 -> T8 06/04/24 12:00 | F93: =B93/12.0107*1000 -> 94.91953 | G93: =C93/14.0067*1000 -> 10.315777
A94: ='Run File 11.21.24'!A38 -> T9 06/04/24 12:00 | B94: ='Run File 11.21.24'!B38 -> 1.15405 | C94: ='Run File 11.21.24'!C38 -> 0.14186 | E94: =A94 -> T9 06/04/24 12:00 | F94: =B94/12.0107*1000 -> 96.085157 | G94: =C94/14.0067*1000 -> 10.12801
A95: ='Run File 11.21.24'!A42 -> T10 06/04/24 12:00 | B95: ='Run File 11.21.24'!B42 -> 1.11705 | C95: ='Run File 11.21.24'!C42 -> 0.14458 | E95: =A95 -> T10 06/04/24 12:00 | F95: =B95/12.0107*1000 -> 93.004571 | G95: =C95/14.0067*1000 -> 10.322203
A96: ='Run File 11.21.24'!A43 -> T11 06/04/24 12:00 | B96: ='Run File 11.21.24'!B43 -> 1.06105 | C96: ='Run File 11.21.24'!C43 -> 0.1459 | E96: =A96 -> T11 06/04/24 12:00 | F96: =B96/12.0107*1000 -> 88.342062 | G96: =C96/14.0067*1000 -> 10.416444
A97: ='Run File 11.21.24'!A44 -> T12 06/04/24 12:00 | B97: ='Run File 11.21.24'!B44 -> 1.11505 | C97: ='Run File 11.21.24'!C44 -> 0.14542 | E97: =A97 -> T12 06/04/24 12:00 | F97: =B97/12.0107*1000 -> 92.838053 | G97: =C97/14.0067*1000 -> 10.382174
A98: ='Run File 11.21.24'!A45 -> T13 06/04/24 12:00 | B98: ='Run File 11.21.24'!B45 -> 1.44605 | C98: ='Run File 11.21.24'!C45 -> 0.15301 | E98: =A98 -> T13 06/04/24 12:00 | F98: =B98/12.0107*1000 -> 120.39681 | G98: =C98/14.0067*1000 -> 10.924058
A99: ='Run File 11.21.24'!A46 -> T14 06/04/24 12:00 | B99: ='Run File 11.21.24'!B46 -> 1.25505 | C99: ='Run File 11.21.24'!C46 -> 0.1429 | E99: =A99 -> T14 06/04/24 12:00 | F99: =B99/12.0107*1000 -> 104.49433 | G99: =C99/14.0067*1000 -> 10.20226
A100: ='Run File 11.21.24'!A47 -> T15 06/04/24 12:00 | B100: ='Run File 11.21.24'!B47 -> 1.08005 | C100: ='Run File 11.21.24'!C47 -> 0.14916 | E100: =A100 -> T15 06/04/24 12:00 | F100: =B100/12.0107*1000 -> 89.923984 | G100: =C100/14.0067*1000 -> 10.649189
A101: ='Run File 11.21.24'!A48 -> T16 06/04/24 12:00 | B101: ='Run File 11.21.24'!B48 -> 1.11805 | C101: ='Run File 11.21.24'!C48 -> 0.14529 | E101: =A101 -> T16 06/04/24 12:00 | F101: =B101/12.0107*1000 -> 93.08783 | G101: =C101/14.0067*1000 -> 10.372893
A102: ='Run File 11.21.24'!A49 -> F1_IN 06/06/24 12:00 | B102: ='Run File 11.21.24'!B49 -> 1.87005 | C102: ='Run File 11.21.24'!C49 -> 0.17141 | E102: =A102 -> F1_IN 06/06/24 12:00 | F102: =B102/12.0107*1000 -> 155.69867 | G102: =C102/14.0067*1000 -> 12.237715
A103: ='Run File 11.21.24'!A50 -> F2_IN 06/06/24 12:00 | B103: ='Run File 11.21.24'!B50 -> 1.97605 | C103: ='Run File 11.21.24'!C50 -> 0.1784 | E103: =A103 -> F2_IN 06/06/24 12:00 | F103: =B103/12.0107*1000 -> 164.52413 | G103: =C103/14.0067*1000 -> 12.736762
...

Sheet Run File 11.14.24
A1: System | B1: TOCReg | D1: Deep Seawater Reference Material
A2: S/W Version | B2: 1
A3: User | B3: A.Whitworth | D3: NPOC certified reference value 0.504-0.516 mg/L: 42-43 uM
A4: Date | B4: 45610 | D4: TN certified reference value 0.434-0.448 mg/L: 31-32 uM
A5: Comments | B5: Nelson/Rochette-Yu Tsuen (10/10/24)
A9: Standards
A10: Range | B10: 0-5mg/L
A12: Raw data (mg/L) | E12: Unit conversion
A13: Sample | B13: NPOC (mg/L) | C13: TN (mg/L) | E13: Sample | F13: NPOC (uM) | G13: TN (uM)
A14: DIW | B14: -0.00495 | C14: 0 | E14: =A14 -> DIW | F14: =B14/12.0107*1000 -> -0.41213252 | G14: =C14/14.0067*1000 -> 0
A15: LNSW | B15: 0.904 | C15: 0.05286 | E15: =A15 -> LNSW | F15: =B15/12.0107*1000 -> 75.266221 | G15: =C15/14.0067*1000 -> 3.7739082
A16: DSWR [B24,L05-24] | B16: 0.51323333 | C16: 0.43385833 | E16: =A16 -> DSWR [B24,L05-24] | F16: =B16/12.0107*1000 -> 42.731342 | G16: =C16/14.0067*1000 -> 30.975057
A17: F1_IN 06/02/24 12:00 | B17: 1.6666333 | C17: 0.16419833 | E17: =A17 -> F1_IN 06/02/24 12:00 | F17: =B17/12.0107*1000 -> 138.76238 | G17: =C17/14.0067*1000 -> 11.722842
A18: F2_IN 06/02/24 12:00 | B18: 1.7546333 | C18: 0.16780833 | E18: =A18 -> F2_IN 06/02/24 12:00 | F18: =B18/12.0107*1000 -> 146.08918 | G18: =C18/14.0067*1000 -> 11.980576
A19: T1 06/02/24 12:00 | B19: 2.5886333 | C19: 0.21105833 | E19: =A19 -> T1 06/02/24 12:00 | F19: =B19/12.0107*1000 -> 215.52727 | G19: =C19/14.0067*1000 -> 15.068384
A20: T2 06/02/24 12:00 | B20: 1.9146333 | C20: 0.20005833 | E20: =A20 -> T2 06/02/24 12:00 | F20: =B20/12.0107*1000 -> 159.41064 | G20: =C20/14.0067*1000 -> 14.283045
A21: T3 06/02/24 12:00 | B21: 2.4946333 | C21: 0.36035833 | E21: =A21 -> T3 06/02/24 12:00 | F21: =B21/12.0107*1000 -> 207.70091 | G21: =C21/14.0067*1000 -> 25.727568
A22: T4 06/02/24 12:00 | B22: 3.1026333 | C22: 0.20285833 | E22: =A22 -> T4 06/02/24 12:00 | F22: =B22/12.0107*1000 -> 258.32244 | G22: =C22/14.0067*1000 -> 14.48295
A23: T5 06/02/24 12:00 | B23: 1.7076333 | C23: 0.18605833 | E23: =A23 -> T5 06/02/24 12:00 | F23: =B23/12.0107*1000 -> 142.176 | G23: =C23/14.0067*1000 -> 13.283524
A24: T6 06/02/24 12:00 | B24: 2.2096333 | C24: 0.27075833 | E24: =A24 -> T6 06/02/24 12:00 | F24: =B24/12.0107*1000 -> 183.97207 | G24: =C24/14.0067*1000 -> 19.33063
A25: DIW | B25: 0.00836 | C25: 0 | E25: =A25 -> DIW | F25: =B25/12.0107*1000 -> 0.69604603 | G25: =C25/14.0067*1000 -> 0
... A37: DSWR [B24,L05-24] | B37: 0.51833333 | C37: 0.44015833 | E37: =A37 -> DSWR [B24,L05-24] | F37: =B37/12.0107*1000 -> 43.155964 | G37: =C37/14.0067*1000 -> 31.424842

Sheet Run File 11.19.24
A1: System | B1: TOCReg | D1: Deep Seawater Reference Material
A2: S/W Version | B2: 1
A3: User | B3: A.Whitworth | D3: NPOC certified reference value 0.504-0.516 mg/L: 42-43 uM
A4: Date | B4: 45615 | D4: TN certified reference value 0.434-0.448 mg/L: 31-32 uM
A5: Comments | B5: Nelson/Rochette-Yu Tsuen (10/10/24)
A9: Standards
A10: Range | B10: 0-5mg/L
A12: Raw data (mg/L) | E12: Unit conversion
A13: Sample | B13: NPOC (mg/L) | C13: TN (mg/L) | E13: Sample | F13: NPOC (uM) | G13: TN (uM)
A14: DIW | B14: 0.00493 | C14: 0 | E14: =A14 -> DIW | F14: =B14/12.0107*1000 -> 0.41046733 | G14: =C14/14.0067*1000 -> 0
A15: LNSW | B15: 0.8907 | C15: 0.05811 | E15: =A15 -> LNSW | F15: =B15/12.0107*1000 -> 74.158875 | G15: =C15/14.0067*1000 -> 4.1487288
A16: DSWR [B24,L05-24] | B16: 0.505 | C16: 0.44482 | E16: =A16 -> DSWR [B24,L05-24] | F16: =B16/12.0107*1000 -> 42.045842 | G16: =C16/14.0067*1000 -> 31.757659
A17: T14 06/02/24 12:00 | B17: 1.6704 | C17: 0.15784 | E17: =A17 -> T14 06/02/24 12:00 | F17: =B17/12.0107*1000 -> 139.07599 | G17: =C17/14.0067*1000 -> 11.268893
A18: T15 06/02/24 12:00 | B18: 1.5954 | C18: 0.1594 | E18: =A18 -> T15 06/02/24 12:00 | F18: =B18/12.0107*1000 -> 132.83156 | G18: =C18/14.0067*1000 -> 11.380268
A19: T16 06/02/24 12:00 | B19: 1.6824 | C19: 0.17692 | E19: =A19 -> T16 06/02/24 12:00 | F19: =B19/12.0107*1000 -> 140.0751 | G19: =C19/14.0067*1000 -> 12.631098
A20: F1_IN 06/02/24 18:00 | B20: 1.3574 | C20: 0.22562 | E20: =A20 -> F1_IN 06/02/24 18:00 | F20: =B20/12.0107*1000 -> 113.01589 | G20: =C20/14.0067*1000 -> 16.108005
A21: F2_IN 06/02/24 18:00 | B21: 1.2484 | C21: 0.15196 | E21: =A21 -> F2_IN 06/02/24 18:00 | F21: =B21/12.0107*1000 -> 103.94065 | G21: =C21/14.0067*1000 -> 10.849094
A22: T1 06/02/24 18:00 | B22: 1.4204 | C22: 0.15567 | E22: =A22 -> T1 06/02/24 18:00 | F22: =B22/12.0107*1000 -> 118.26122 | G22: =C22/14.0067*1000 -> 11.113967
A23: T2 06/02/24 18:00 | B23: 1.2714 | C23: 0.15449 | E23: =A23 -> T2 06/02/24 18:00 | F23: =B23/12.0107*1000 -> 105.85561 | G23: =C23/14.0067*1000 -> 11.029721
A24: DIW | B24: 0.00819 | C24: 0 | E24: =A24 -> DIW | F24: =B24/12.0107*1000 -> 0.68189198 | G24: =C24/14.0067*1000 -> 0
A25: LNSW | B25: 0.8478 | C25: 0.05352 | E25: =A25 -> LNSW | F25: =B25/12.0107*1000 -> 70.58706 | G25: =C25/14.0067*1000 -> 3.8210285
... A78: DSWR [B24,L05-24] | B78: 0.5131 | C78: 0.43752 | E78: =A78 -> DSWR [B24,L05-24] | F78: =B78/12.0107*1000 -> 42.720241 | G78: =C78/14.0067*1000 -> 31.23648

Sheet Run File 11.21.24
A1: System | B1: TOCReg | D1: Deep Seawater Reference Material
A2: S/W Version | B2: 1
A3: User | B3: A.Whitworth | D3: NPOC certified reference value 0.504-0.516 mg/L: 42-43 uM
A4: Date | B4: 45617 | D4: TN certified reference value 0.434-0.448 mg/L: 31-32 uM
A5: Comments | B5: Nelson/Rochette-Yu Tsuen (10/10/24)
A9: Standards
A10: Range | B10: 0-5mg/L
A12: Raw data (mg/L) | E12: Unit conversion
A13: Sample | B13: NPOC (mg/L) | C13: TN (mg/L) | E13: Sample | F13: NPOC (uM) | G13: TN (uM)
A14: DIW | B14: -0.00055 | C14: 0 | E14: =A14 -> DIW | F14: =B14/12.0107*1000 -> -0.045792502 | G14: =C14/14.0067*1000 -> 0
A15: LNSW | B15: 0.8844 | C15: 0.05272 | E15: =A15 -> LNSW | F15: =B15/12.0107*1000 -> 73.634343 | G15: =C15/14.0067*1000 -> 3.763913
A16: DSWR [B24,L05-24] | B16: 0.50605 | C16: 0.4403 | E16: =A16 -> DSWR [B24,L05-24] | F16: =B16/12.0107*1000 -> 42.133265 | G16: =C16/14.0067*1000 -> 31.434956
A17: T8 06/03/24 6:00 | B17: 0.98725 | C17: 0.16429 | E17: =A17 -> T8 06/03/24 6:00 | F17: =B17/12.0107*1000 -> 82.197541 | G17: =C17/14.0067*1000 -> 11.729387
A18: T9 06/03/24 6:00 | B18: 1.81005 | C18: 0.2532 | E18: =A18 -> T9 06/03/24 6:00 | F18: =B18/12.0107*1000 -> 150.70312 | G18: =C18/14.0067*1000 -> 18.077063
A19: T10 06/03/24 6:00 | B19: 1.81005 | C19: 0.3016 | E19: =A19 -> T10 06/03/24 6:00 | F19: =B19/12.0107*1000 -> 150.70312 | G19: =C19/14.0067*1000 -> 21.532552
A20: T11 06/03/24 6:00 | B20: 1.04505 | C20: 1.1192 | E20: =A20 -> T11 06/03/24 6:00 | F20: =B20/12.0107*1000 -> 87.009916 | G20: =C20/14.0067*1000 -> 79.904617
A21: T13 06/03/24 6:00 | B21: 1.40505 | C21: 0.1728 | E21: =A21 -> T13 06/03/24 6:00 | F21: =B21/12.0107*1000 -> 116.98319 | G21: =C21/14.0067*1000 -> 12.336953
A22: T14 06/03/24 6:00 | B22: 1.52805 | C22: 0.2174 | E22: =A22 -> T14 06/03/24 6:00 | F22: =B22/12.0107*1000 -> 127.22406 | G22: =C22/14.0067*1000 -> 15.521143
A23: T15 06/03/24 6:00 | B23: 1.83905 | C23: 0.2247 | E23: =A23 -> T15 06/03/24 6:00 | F23: =B23/12.0107*1000 -> 153.11764 | G23: =C23/14.0067*1000 -> 16.042323
A24: T16 06/03/24 6:00 | B24: 1.09605 | C24: 0.16031 | E24: =A24 -> T16 06/03/24 6:00 | F24: =B24/12.0107*1000 -> 91.25613 | G24: =C24/14.0067*1000 -> 11.445237
A25: F1 06/04/24 12:00 | B25: 1.07305 | C25: 0.14723 | E25: =A25 -> F1 06/04/24 12:00 | F25: =B25/12.0107*1000 -> 89.341171 | G25: =C25/14.0067*1000 -> 10.511398
... A79: DSWR [B24,L05-24] | B79: 0.50805 | C79: 0.443 | E79: =A79 -> DSWR [B24,L05-24] | F79: =B79/12.0107*1000 -> 42.299783 | G79: =C79/14.0067*1000 -> 31.627721
