Workbook

Sheet Final Results
C1: Data Provided by:
C2: SOEST Laboratory for
C3: Analtyical Biogeochemistry (S-LAB)
C4: University of Hawaii at Manoa
C5: 1000 Pope Rd
C6: Honolulu, HI 96822
C7: 808-956-5878
C9: Date Samples Received: | E9: 45604
C11: Project: | D11: Nelson/Rochette-Yu Tsuen
A13: Sample | B13: NPOC (mg/L) | C13: TN (mg/L) | E13: Sample | F13: NPOC (uM) | G13: TN (uM)
A14: TAU824001 | B14: ='Run File 12.10.24'!B17 -> 0.55238 | C14: ='Run File 12.10.24'!C17 -> 0.11372143 | E14: =A14 -> TAU824001 | F14: =B14/12.0107*1000 -> 45.990658 | G14: =C14/14.0067*1000 -> 8.1190736
A15: TAU824002 | B15: ='Run File 12.10.24'!B18 -> 0.84268 | C15: ='Run File 12.10.24'!C18 -> 0.12811143 | E15: =A15 -> TAU824002 | F15: =B15/12.0107*1000 -> 70.160773 | G15: =C15/14.0067*1000 -> 9.1464391
A16: TAU824003 | B16: ='Run File 12.10.24'!B19 -> 0.81288 | C16: ='Run File 12.10.24'!C19 -> 0.11895143 | E16: =A16 -> TAU824003 | F16: =B16/12.0107*1000 -> 67.679652 | G16: =C16/14.0067*1000 -> 8.4924664
A17: TAU824004 | B17: ='Run File 12.10.24'!B20 -> 0.80188 | C17: ='Run File 12.10.24'!C20 -> 0.12222143 | E17: =A17 -> TAU824004 | F17: =B17/12.0107*1000 -> 66.763802 | G17: =C17/14.0067*1000 -> 8.7259261
A18: TAU824005 | B18: ='Run File 12.10.24'!B21 -> 0.81518 | C18: ='Run File 12.10.24'!C21 -> 0.11467143 | E18: =A18 -> TAU824005 | F18: =B18/12.0107*1000 -> 67.871148 | G18: =C18/14.0067*1000 -> 8.1868983
A19: TAU824006 | B19: ='Run File 12.10.24'!B22 -> 0.88138 | C19: ='Run File 12.10.24'!C22 -> 0.15295143 | E19: =A19 -> TAU824006 | F19: =B19/12.0107*1000 -> 73.3829 | G19: =C19/14.0067*1000 -> 10.919876
A20: TAU824007 | B20: ='Run File 12.10.24'!B23 -> 1.45788 | C20: ='Run File 12.10.24'!C23 -> 0.13608143 | E20: =A20 -> TAU824007 | F20: =B20/12.0107*1000 -> 121.38177 | G20: =C20/14.0067*1000 -> 9.7154525
A21: TAU824008 | B21: ='Run File 12.10.24'!B24 -> 0.85648 | C21: ='Run File 12.10.24'!C24 -> 0.13915143 | E21: =A21 -> TAU824008 | F21: =B21/12.0107*1000 -> 71.309749 | G21: =C21/14.0067*1000 -> 9.9346333
A22: TAU824009 | B22: ='Run File 12.10.24'!B25 -> 0.84448 | C22: ='Run File 12.10.24'!C25 -> 0.14204143 | E22: =A22 -> TAU824009 | F22: =B22/12.0107*1000 -> 70.31064 | G22: =C22/14.0067*1000 -> 10.140963
A23: TAU824010 | B23: ='Run File 12.10.24'!B26 -> 0.85078 | C23: ='Run File 12.10.24'!C26 -> 0.12274143 | E23: =A23 -> TAU824010 | F23: =B23/12.0107*1000 -> 70.835172 | G23: =C23/14.0067*1000 -> 8.7630512
A24: TAU824011 | B24: ='Run File 12.10.24'!B30 -> 0.86518 | C24: ='Run File 12.10.24'!C30 -> 0.11679143 | E24: =A24 -> TAU824011 | F24: =B24/12.0107*1000 -> 72.034103 | G24: =C24/14.0067*1000 -> 8.3382544
A25: TAU824012 | B25: ='Run File 12.10.24'!B31 -> 0.78298 | C25: ='Run File 12.10.24'!C31 -> 0.14068143 | E25: =A25 -> TAU824012 | F25: =B25/12.0107*1000 -> 65.190205 | G25: =C25/14.0067*1000 -> 10.043867
A26: TAU824013 | B26: ='Run File 12.10.24'!B32 -> 0.83248 | C26: ='Run File 12.10.24'!C32 -> 0.14051143 | E26: =A26 -> TAU824013 | F26: =B26/12.0107*1000 -> 69.311531 | G26: =C26/14.0067*1000 -> 10.03173
A27: TAU824014 | B27: ='Run File 12.10.24'!B33 -> 0.84388 | C27: ='Run File 12.10.24'!C33 -> 0.14528143 | E27: =A27 -> TAU824014 | F27: =B27/12.0107*1000 -> 70.260684 | G27: =C27/14.0067*1000 -> 10.372281
A28: TAU824015 | B28: ='Run File 12.10.24'!B34 -> 0.79598 | C28: ='Run File 12.10.24'!C34 -> 0.12159143 | E28: =A28 -> TAU824015 | F28: =B28/12.0107*1000 -> 66.272574 | G28: =C28/14.0067*1000 -> 8.6809476
A29: TAU824016 | B29: ='Run File 12.10.24'!B35 -> 0.86818 | C29: ='Run File 12.10.24'!C35 -> 0.12881143 | E29: =A29 -> TAU824016 | F29: =B29/12.0107*1000 -> 72.28388 | G29: =C29/14.0067*1000 -> 9.1964152
A30: TAU824017 | B30: ='Run File 12.10.24'!B36 -> 1.09488 | C30: ='Run File 12.10.24'!C36 -> 0.13422143 | E30: =A30 -> TAU824017 | F30: =B30/12.0107*1000 -> 91.158717 | G30: =C30/14.0067*1000 -> 9.5826589
A31: TAU824018 | B31: ='Run File 12.10.24'!B37 -> 0.78638 | C31: ='Run File 12.10.24'!C37 -> 0.14486143 | E31: =A31 -> TAU824018 | F31: =B31/12.0107*1000 -> 65.473286 | G31: =C31/14.0067*1000 -> 10.342295
A32: TAU824019 | B32: ='Run File 12.10.24'!B38 -> 0.54688 | C32: ='Run File 12.10.24'!C38 -> 0.10818143 | E32: =A32 -> TAU824019 | F32: =B32/12.0107*1000 -> 45.532733 | G32: =C32/14.0067*1000 -> 7.7235486
A33: TAU824020 | B33: ='Run File 12.10.24'!B39 -> 0.81208 | C33: ='Run File 12.10.24'!C39 -> 0.13028143 | E33: =A33 -> TAU824020 | F33: =B33/12.0107*1000 -> 67.613045 | G33: =C33/14.0067*1000 -> 9.301365
A34: TAU824021 | B34: ='Run File 12.10.24'!B43 -> 0.91468 | C34: ='Run File 12.10.24'!C43 -> 0.13541143 | E34: =A34 -> TAU824021 | F34: =B34/12.0107*1000 -> 76.155428 | G34: =C34/14.0067*1000 -> 9.6676183
A35: TAU824022 | B35: ='Run File 12.10.24'!B44 -> 0.84928 | C35: ='Run File 12.10.24'!C44 -> 0.13078143 | E35: =A35 -> TAU824022 | F35: =B35/12.0107*1000 -> 70.710283 | G35: =C35/14.0067*1000 -> 9.3370622
A36: TAU824023 | B36: ='Run File 12.10.24'!B45 -> 0.79728 | C36: ='Run File 12.10.24'!C45 -> 0.13631143 | E36: =A36 -> TAU824023 | F36: =B36/12.0107*1000 -> 66.38081 | G36: =C36/14.0067*1000 -> 9.7318732
A37: TAU824024 | B37: ='Run File 12.10.24'!B46 -> 0.76988 | C37: ='Run File 12.10.24'!C46 -> 0.12677143 | E37: =A37 -> TAU824024 | F37: =B37/12.0107*1000 -> 64.099511 | G37: =C37/14.0067*1000 -> 9.0507706
A38: TAU824025 | B38: ='Run File 12.10.24'!B47 -> 0.83638 | C38: ='Run File 12.10.24'!C47 -> 0.11343143 | E38: =A38 -> TAU824025 | F38: =B38/12.0107*1000 -> 69.636241 | G38: =C38/14.0067*1000 -> 8.0983692
A39: TAU824026 | B39: ='Run File 12.10.24'!B48 -> 0.85018 | C39: ='Run File 12.10.24'!C48 -> 0.13555143 | E39: =A39 -> TAU824026 | F39: =B39/12.0107*1000 -> 70.785217 | G39: =C39/14.0067*1000 -> 9.6776135
A40: TAU824027 | B40: ='Run File 12.10.24'!B49 -> 0.80258 | C40: ='Run File 12.10.24'!C49 -> 0.11802143 | E40: =A40 -> TAU824027 | F40: =B40/12.0107*1000 -> 66.822084 | G40: =C40/14.0067*1000 -> 8.4260696
A41: TAU824028 | B41: ='Run File 12.10.24'!B50 -> 0.95718 | C41: ='Run File 12.10.24'!C50 -> 0.13945143 | E41: =A41 -> TAU824028 | F41: =B41/12.0107*1000 -> 79.69394 | G41: =C41/14.0067*1000 -> 9.9560516
A42: TAU824029 | B42: ='Run File 12.10.24'!B51 -> 0.78598 | C42: ='Run File 12.10.24'!C51 -> 0.13547143 | E42: =A42 -> TAU824029 | F42: =B42/12.0107*1000 -> 65.439983 | G42: =C42/14.0067*1000 -> 9.6719019
A43: TAU824030 | B43: ='Run File 12.10.24'!B52 -> 0.84958 | C43: ='Run File 12.10.24'!C52 -> 0.13989143 | E43: =A43 -> TAU824030 | F43: =B43/12.0107*1000 -> 70.735261 | G43: =C43/14.0067*1000 -> 9.9874652
A44: TAU824031 | B44: ='Run File 12.10.24'!B56 -> 0.77588 | C44: ='Run File 12.10.24'!C56 -> 0.13751143 | E44: =A44 -> TAU824031 | F44: =B44/12.0107*1000 -> 64.599066 | G44: =C44/14.0067*1000 -> 9.8175465
A45: TAU824032 | B45: ='Run File 12.10.24'!B57 -> 0.74158 | C45: ='Run File 12.10.24'!C57 -> 0.11731143 | E45: =A45 -> TAU824032 | F45: =B45/12.0107*1000 -> 61.743279 | G45: =C45/14.0067*1000 -> 8.3753795
A46: TAU824033 | B46: ='Run File 12.10.24'!B58 -> 0.78148 | C46: ='Run File 12.10.24'!C58 -> 0.12071143 | E46: =A46 -> TAU824033 | F46: =B46/12.0107*1000 -> 65.065317 | G46: =C46/14.0067*1000 -> 8.6181205
A47: TAU824034 | B47: ='Run File 12.10.24'!B59 -> 0.71988 | C47: ='Run File 12.10.24'!C59 -> 0.12953143 | E47: =A47 -> TAU824034 | F47: =B47/12.0107*1000 -> 59.936557 | G47: =C47/14.0067*1000 -> 9.2478192
A48: TAU824035 | B48: ='Run File 12.10.24'!B60 -> 0.75718 | C48: ='Run File 12.10.24'!C60 -> 0.12194143 | E48: =A48 -> TAU824035 | F48: =B48/12.0107*1000 -> 63.042121 | G48: =C48/14.0067*1000 -> 8.7059356
A49: TAU824036 | B49: ='Run File 12.10.24'!B61 -> 0.86518 | C49: ='Run File 12.10.24'!C61 -> 0.15466143 | E49: =A49 -> TAU824036 | F49: =B49/12.0107*1000 -> 72.034103 | G49: =C49/14.0067*1000 -> 11.041961
A50: TAU824037 | B50: ='Run File 12.10.24'!B62 -> 0.47198 | C50: ='Run File 12.10.24'!C62 -> 0.099391429 | E50: =A50 -> TAU824037 | F50: =B50/12.0107*1000 -> 39.296627 | G50: =C50/14.0067*1000 -> 7.0959918
A51: TAU824038 | B51: ='Run File 12.10.24'!B63 -> 0.79458 | C51: ='Run File 12.10.24'!C63 -> 0.15372143 | E51: =A51 -> TAU824038 | F51: =B51/12.0107*1000 -> 66.156011 | G51: =C51/14.0067*1000 -> 10.97485
A52: TAU824039 | B52: ='Run File 12.10.24'!B64 -> 0.81888 | C52: ='Run File 12.10.24'!C64 -> 0.15066143 | E52: =A52 -> TAU824039 | F52: =B52/12.0107*1000 -> 68.179207 | G52: =C52/14.0067*1000 -> 10.756383
A53: TAU824040 | B53: ='Run File 12.10.24'!B65 -> 0.83338 | C53: ='Run File 12.10.24'!C65 -> 0.13440143 | E53: =A53 -> TAU824040 | F53: =B53/12.0107*1000 -> 69.386464 | G53: =C53/14.0067*1000 -> 9.5955099
A54: TAU824041 | B54: ='Run File 12.10.24'!B69 -> 0.78928 | C54: ='Run File 12.10.24'!C69 -> 0.13272143 | E54: =A54 -> TAU824041 | F54: =B54/12.0107*1000 -> 65.714738 | G54: =C54/14.0067*1000 -> 9.4755673
A55: TAU824042 | B55: ='Run File 12.10.24'!B70 -> 0.85408 | C55: ='Run File 12.10.24'!C70 -> 0.12574143 | E55: =A55 -> TAU824042 | F55: =B55/12.0107*1000 -> 71.109927 | G55: =C55/14.0067*1000 -> 8.9772344
A56: TAU824043 | B56: ='Run File 12.10.24'!B71 -> 0.79538 | C56: ='Run File 12.10.24'!C71 -> 0.12326143 | E56: =A56 -> TAU824043 | F56: =B56/12.0107*1000 -> 66.222618 | G56: =C56/14.0067*1000 -> 8.8001762
A57: TAU824044 | B57: ='Run File 12.10.24'!B72 -> 0.85228 | C57: ='Run File 12.10.24'!C72 -> 0.13263143 | E57: =A57 -> TAU824044 | F57: =B57/12.0107*1000 -> 70.960061 | G57: =C57/14.0067*1000 -> 9.4691418
A58: TAU824045 | B58: ='Run File 12.10.24'!B73 -> 0.78928 | C58: ='Run File 12.10.24'!C73 -> 0.12190143 | E58: =A58 -> TAU824045 | F58: =B58/12.0107*1000 -> 65.714738 | G58: =C58/14.0067*1000 -> 8.7030799
A59: TAU824046 | B59: ='Run File 12.10.24'!B74 -> 0.77428 | C59: ='Run File 12.10.24'!C74 -> 0.13285143 | E59: =A59 -> TAU824046 | F59: =B59/12.0107*1000 -> 64.465851 | G59: =C59/14.0067*1000 -> 9.4848486
A60: TAU824047 | B60: ='Run File 12.10.24'!B75 -> 0.79168 | C60: ='Run File 12.10.24'!C75 -> 0.12343143 | E60: =A60 -> TAU824047 | F60: =B60/12.0107*1000 -> 65.91456 | G60: =C60/14.0067*1000 -> 8.8123133
A61: TAU824048 | B61: ='Run File 12.10.24'!B76 -> 0.68158 | C61: ='Run File 12.10.24'!C76 -> 0.12779143 | E61: =A61 -> TAU824048 | F61: =B61/12.0107*1000 -> 56.747733 | G61: =C61/14.0067*1000 -> 9.1235929
A62: TAU824049 | B62: ='Run File 12.10.24'!B77 -> 0.78748 | C62: ='Run File 12.10.24'!C77 -> 0.13233143 | E62: =A62 -> TAU824049 | F62: =B62/12.0107*1000 -> 65.564871 | G62: =C62/14.0067*1000 -> 9.4477235
A63: TAU824050 | B63: ='Run File 12.10.24'!B78 -> 0.72608 | C63: ='Run File 12.10.24'!C78 -> 0.11459143 | E63: =A63 -> TAU824050 | F63: =B63/12.0107*1000 -> 60.452763 | G63: =C63/14.0067*1000 -> 8.1811868
A64: TAU824051 | B64: ='Run File 12.10.24'!B82 -> 0.80518 | C64: ='Run File 12.10.24'!C82 -> 0.13281143 | E64: =A64 -> TAU824051 | F64: =B64/12.0107*1000 -> 67.038557 | G64: =C64/14.0067*1000 -> 9.4819928
A65: TAU824052 | B65: ='Run File 12.10.24'!B83 -> 0.81448 | C65: ='Run File 12.10.24'!C83 -> 0.13020143 | E65: =A65 -> TAU824052 | F65: =B65/12.0107*1000 -> 67.812867 | G65: =C65/14.0067*1000 -> 9.2956534
A66: TAU824053 | B66: ='Run File 12.10.24'!B84 -> 0.74768 | C66: ='Run File 12.10.24'!C84 -> 0.11795143 | E66: =A66 -> TAU824053 | F66: =B66/12.0107*1000 -> 62.251159 | G66: =C66/14.0067*1000 -> 8.421072
A67: TAU824054 | B67: ='Run File 12.10.24'!B85 -> 0.64748 | C67: ='Run File 12.10.24'!C85 -> 0.11863143 | E67: =A67 -> TAU824054 | F67: =B67/12.0107*1000 -> 53.908598 | G67: =C67/14.0067*1000 -> 8.4696202
A68: TAU824055 | B68: ='Run File 12.10.24'!B86 -> 0.42828 | C68: ='Run File 12.10.24'!C86 -> 0.096961429 | E68: =A68 -> TAU824055 | F68: =B68/12.0107*1000 -> 35.658205 | G68: =C68/14.0067*1000 -> 6.9225034
A69: TAU824056 | B69: ='Run File 12.10.24'!B87 -> 0.77778 | C69: ='Run File 12.10.24'!C87 -> 0.12604143 | E69: =A69 -> TAU824056 | F69: =B69/12.0107*1000 -> 64.757258 | G69: =C69/14.0067*1000 -> 8.9986527
A70: TAU824057 | B70: ='Run File 12.10.24'!B88 -> 0.84688 | C70: ='Run File 12.10.24'!C88 -> 0.13738143 | E70: =A70 -> TAU824057 | F70: =B70/12.0107*1000 -> 70.510462 | G70: =C70/14.0067*1000 -> 9.8082652
A71: TAU824058 | B71: ='Run File 12.10.24'!B89 -> 0.80388 | C71: ='Run File 12.10.24'!C89 -> 0.13578143 | E71: =A71 -> TAU824058 | F71: =B71/12.0107*1000 -> 66.93032 | G71: =C71/14.0067*1000 -> 9.6940342
A72: TAU824059 | B72: ='Run File 12.10.24'!B90 -> 0.82128 | C72: ='Run File 12.10.24'!C90 -> 0.12740143 | E72: =A72 -> TAU824059 | F72: =B72/12.0107*1000 -> 68.379029 | G72: =C72/14.0067*1000 -> 9.0957491
A73: TAU824060 | B73: ='Run File 12.10.24'!B91 -> 0.70068 | C73: ='Run File 12.10.24'!C91 -> 0.11999143 | E73: =A73 -> TAU824060 | F73: =B73/12.0107*1000 -> 58.337982 | G73: =C73/14.0067*1000 -> 8.5667165
A74: TAU824061 | B74: ='Run File 12.13.24'!B17 -> 0.81768333 | C74: ='Run File 12.13.24'!C17 -> 0.14613333 | E74: =A74 -> TAU824061 | F74: =B74/12.0107*1000 -> 68.079573 | G74: =C74/14.0067*1000 -> 10.433102
A75: TAU824062 | B75: ='Run File 12.13.24'!B18 -> 0.75878333 | C75: ='Run File 12.13.24'!C18 -> 0.12892333 | E75: =A75 -> TAU824062 | F75: =B75/12.0107*1000 -> 63.175613 | G75: =C75/14.0067*1000 -> 9.2044046
A76: TAU824063 | B76: ='Run File 12.13.24'!B19 -> 0.53538333 | C76: ='Run File 12.13.24'!C19 -> 0.12426333 | E76: =A76 -> TAU824063 | F76: =B76/12.0107*1000 -> 44.575531 | G76: =C76/14.0067*1000 -> 8.8717066
A77: TAU824064 | B77: ='Run File 12.13.24'!B20 -> 0.33498333 | C77: ='Run File 12.13.24'!C20 -> 0.10943333 | E77: =A77 -> TAU824064 | F77: =B77/12.0107*1000 -> 27.890409 | G77: =C77/14.0067*1000 -> 7.8129276
A78: TAU824065 | B78: ='Run File 12.13.24'!B21 -> 0.81898333 | C78: ='Run File 12.13.24'!C21 -> 0.14113333 | E78: =A78 -> TAU824065 | F78: =B78/12.0107*1000 -> 68.18781 | G78: =C78/14.0067*1000 -> 10.07613
A79: TAU824067 | B79: ='Run File 12.13.24'!B22 -> 0.76118333 | C79: ='Run File 12.13.24'!C22 -> 0.13028333 | E79: =A79 -> TAU824067 | F79: =B79/12.0107*1000 -> 63.375435 | G79: =C79/14.0067*1000 -> 9.3015009
A80: TAU824068 | B80: ='Run File 12.13.24'!B23 -> 0.78948333 | C80: ='Run File 12.13.24'!C23 -> 0.13574333 | E80: =A80 -> TAU824068 | F80: =B80/12.0107*1000 -> 65.731667 | G80: =C80/14.0067*1000 -> 9.6913144
A81: TAU824070 | B81: ='Run File 12.13.24'!B27 -> 0.76678333 | C81: ='Run File 12.13.24'!C27 -> 0.13294333 | E81: =A81 -> TAU824070 | F81: =B81/12.0107*1000 -> 63.841686 | G81: =C81/14.0067*1000 -> 9.4914101
A82: TAU824071 | B82: ='Run File 12.13.24'!B28 -> 0.82728333 | C82: ='Run File 12.13.24'!C28 -> 0.14579333 | E82: =A82 -> TAU824071 | F82: =B82/12.0107*1000 -> 68.878861 | G82: =C82/14.0067*1000 -> 10.408828
A83: TAU824073 | B83: ='Run File 12.13.24'!B29 -> 0.77898333 | C83: ='Run File 12.13.24'!C29 -> 0.14734333 | E83: =A83 -> TAU824073 | F83: =B83/12.0107*1000 -> 64.857447 | G83: =C83/14.0067*1000 -> 10.519489
A84: TAU824074 | B84: ='Run File 12.13.24'!B30 -> 1.8048833 | C84: ='Run File 12.13.24'!C30 -> 2.9840333 | E84: =A84 -> TAU824074 | F84: =B84/12.0107*1000 -> 150.27295 | G84: =C84/14.0067*1000 -> 213.04328

Sheet Run File 12.10.24
A1: System | B1: TOCReg | D1: Deep Seawater Reference Material
A2: S/W Version | B2: 1
A3: User | B3: A.Whitworth | D3: NPOC certified reference value 0.504-0.516 mg/L: 42-43 uM
A4: Date | B4: 45636 | D4: TN certified reference value 0.434-0.448 mg/L: 31-32 uM
A5: Comments | B5: Nelson/Rochette-Yu Tsuen (11/08/24)
A9: Standards
A10: Range | B10: 0-5mg/L
A12: Raw data (mg/L) | E12: Unit conversion
A13: Sample | B13: NPOC (mg/L) | C13: TN (mg/L) | E13: Sample | F13: NPOC (uM) | G13: TN (uM)
A14: DIW | B14: 0.00687 | C14: 0 | E14: =A14 -> DIW | F14: =B14/12.0107*1000 -> 0.57198998 | G14: =C14/14.0067*1000 -> 0
A15: LNSW | B15: 0.8907 | C15: 0.06102 | E15: =A15 -> LNSW | F15: =B15/12.0107*1000 -> 74.158875 | G15: =C15/14.0067*1000 -> 4.3564865
A16: DSWR [B24,L05-24] | B16: 0.50458 | C16: 0.44047143 | E16: =A16 -> DSWR [B24,L05-24] | F16: =B16/12.0107*1000 -> 42.010874 | G16: =C16/14.0067*1000 -> 31.447195
A17: 1 | B17: 0.55238 | C17: 0.11372143 | E17: =A17 -> 1 | F17: =B17/12.0107*1000 -> 45.990658 | G17: =C17/14.0067*1000 -> 8.1190736
A18: 2 | B18: 0.84268 | C18: 0.12811143 | E18: =A18 -> 2 | F18: =B18/12.0107*1000 -> 70.160773 | G18: =C18/14.0067*1000 -> 9.1464391
A19: 3 | B19: 0.81288 | C19: 0.11895143 | E19: =A19 -> 3 | F19: =B19/12.0107*1000 -> 67.679652 | G19: =C19/14.0067*1000 -> 8.4924664
A20: 4 | B20: 0.80188 | C20: 0.12222143 | E20: =A20 -> 4 | F20: =B20/12.0107*1000 -> 66.763802 | G20: =C20/14.0067*1000 -> 8.7259261
A21: 5 | B21: 0.81518 | C21: 0.11467143 | E21: =A21 -> 5 | F21: =B21/12.0107*1000 -> 67.871148 | G21: =C21/14.0067*1000 -> 8.1868983
A22: 6 | B22: 0.88138 | C22: 0.15295143 | E22: =A22 -> 6 | F22: =B22/12.0107*1000 -> 73.3829 | G22: =C22/14.0067*1000 -> 10.919876
A23: 7 | B23: 1.45788 | C23: 0.13608143 | E23: =A23 -> 7 | F23: =B23/12.0107*1000 -> 121.38177 | G23: =C23/14.0067*1000 -> 9.7154525
A24: 8 | B24: 0.85648 | C24: 0.13915143 | E24: =A24 -> 8 | F24: =B24/12.0107*1000 -> 71.309749 | G24: =C24/14.0067*1000 -> 9.9346333
A25: 9 | B25: 0.84448 | C25: 0.14204143 | E25: =A25 -> 9 | F25: =B25/12.0107*1000 -> 70.31064 | G25: =C25/14.0067*1000 -> 10.140963
A26: 10 | B26: 0.85078 | C26: 0.12274143 | E26: =A26 -> 10 | F26: =B26/12.0107*1000 -> 70.835172 | G26: =C26/14.0067*1000 -> 8.7630512
A27: DIW | B27: -0.00886 | C27: 0 | E27: =A27 -> DIW | F27: =B27/12.0107*1000 -> -0.73767557 | G27: =C27/14.0067*1000 -> 0
A28: LNSW | B28: 0.915 | C28: 0.06366 | E28: =A28 -> LNSW | F28: =B28/12.0107*1000 -> 76.182071 | G28: =C28/14.0067*1000 -> 4.5449678
A29: DSWR [B24,L05-24] | B29: 0.50738 | C29: 0.44907143 | E29: =A29 -> DSWR [B24,L05-24] | F29: =B29/12.0107*1000 -> 42.243999 | G29: =C29/14.0067*1000 -> 32.061187
A30: 11 | B30: 0.86518 | C30: 0.11679143 | E30: =A30 -> 11 | F30: =B30/12.0107*1000 -> 72.034103 | G30: =C30/14.0067*1000 -> 8.3382544
A31: 12 | B31: 0.78298 | C31: 0.14068143 | E31: =A31 -> 12 | F31: =B31/12.0107*1000 -> 65.190205 | G31: =C31/14.0067*1000 -> 10.043867
A32: 13 | B32: 0.83248 | C32: 0.14051143 | E32: =A32 -> 13 | F32: =B32/12.0107*1000 -> 69.311531 | G32: =C32/14.0067*1000 -> 10.03173
A33: 14 | B33: 0.84388 | C33: 0.14528143 | E33: =A33 -> 14 | F33: =B33/12.0107*1000 -> 70.260684 | G33: =C33/14.0067*1000 -> 10.372281
A34: 15 | B34: 0.79598 | C34: 0.12159143 | E34: =A34 -> 15 | F34: =B34/12.0107*1000 -> 66.272574 | G34: =C34/14.0067*1000 -> 8.6809476
A35: 16 | B35: 0.86818 | C35: 0.12881143 | E35: =A35 -> 16 | F35: =B35/12.0107*1000 -> 72.28388 | G35: =C35/14.0067*1000 -> 9.1964152
A36: 17 | B36: 1.09488 | C36: 0.13422143 | E36: =A36 -> 17 | F36: =B36/12.0107*1000 -> 91.158717 | G36: =C36/14.0067*1000 -> 9.5826589
A37: 18 | B37: 0.78638 | C37: 0.14486143 | E37: =A37 -> 18 | F37: =B37/12.0107*1000 -> 65.473286 | G37: =C37/14.0067*1000 -> 10.342295
A38: 19 | B38: 0.54688 | C38: 0.10818143 | E38: =A38 -> 19 | F38: =B38/12.0107*1000 -> 45.532733 | G38: =C38/14.0067*1000 -> 7.7235486
A39: 20 | B39: 0.81208 | C39: 0.13028143 | E39: =A39 -> 20 | F39: =B39/12.0107*1000 -> 67.613045 | G39: =C39/14.0067*1000 -> 9.301365
A40: DIW | B40: -0.00683 | C40: 0 | E40: =A40 -> DIW | F40: =B40/12.0107*1000 -> -0.56865961 | G40: =C40/14.0067*1000 -> 0
A41: LNSW | B41: 0.8769 | C41: 0.06 | E41: =A41 -> LNSW | F41: =B41/12.0107*1000 -> 73.0099 | G41: =C41/14.0067*1000 -> 4.2836642
A42: DSWR [B24,L05-24] | B42: 0.51078 | C42: 0.44507143 | E42: =A42 -> DSWR [B24,L05-24] | F42: =B42/12.0107*1000 -> 42.52708 | G42: =C42/14.0067*1000 -> 31.775609
A43: 21 | B43: 0.91468 | C43: 0.13541143 | E43: =A43 -> 21 | F43: =B43/12.0107*1000 -> 76.155428 | G43: =C43/14.0067*1000 -> 9.6676183
A44: 22 | B44: 0.84928 | C44: 0.13078143 | E44: =A44 -> 22 | F44: =B44/12.0107*1000 -> 70.710283 | G44: =C44/14.0067*1000 -> 9.3370622
A45: 23 | B45: 0.79728 | C45: 0.13631143 | E45: =A45 -> 23 | F45: =B45/12.0107*1000 -> 66.38081 | G45: =C45/14.0067*1000 -> 9.7318732
A46: 24 | B46: 0.76988 | C46: 0.12677143 | E46: =A46 -> 24 | F46: =B46/12.0107*1000 -> 64.099511 | G46: =C46/14.0067*1000 -> 9.0507706
A47: 25 | B47: 0.83638 | C47: 0.11343143 | E47: =A47 -> 25 | F47: =B47/12.0107*1000 -> 69.636241 | G47: =C47/14.0067*1000 -> 8.0983692
A48: 26 | B48: 0.85018 | C48: 0.13555143 | E48: =A48 -> 26 | F48: =B48/12.0107*1000 -> 70.785217 | G48: =C48/14.0067*1000 -> 9.6776135
A49: 27 | B49: 0.80258 | C49: 0.11802143 | E49: =A49 -> 27 | F49: =B49/12.0107*1000 -> 66.822084 | G49: =C49/14.0067*1000 -> 8.4260696
A50: 28 | B50: 0.95718 | C50: 0.13945143 | E50: =A50 -> 28 | F50: =B50/12.0107*1000 -> 79.69394 | G50: =C50/14.0067*1000 -> 9.9560516
A51: 29 | B51: 0.78598 | C51: 0.13547143 | E51: =A51 -> 29 | F51: =B51/12.0107*1000 -> 65.439983 | G51: =C51/14.0067*1000 -> 9.6719019
A52: 30 | B52: 0.84958 | C52: 0.13989143 | E52: =A52 -> 30 | F52: =B52/12.0107*1000 -> 70.735261 | G52: =C52/14.0067*1000 -> 9.9874652
A53: DIW | B53: -0.00894 | C53: 0 | E53: =A53 -> DIW | F53: =B53/12.0107*1000 -> -0.7443363 | G53: =C53/14.0067*1000 -> 0
A54: LNSW | B54: 0.8778 | C54: 0.06214 | E54: =A54 -> LNSW | F54: =B54/12.0107*1000 -> 73.084833 | G54: =C54/14.0067*1000 -> 4.4364483
A55: DSWR [B24,L05-24] | B55: 0.51558 | C55: 0.43387143 | E55: =A55 -> DSWR [B24,L05-24] | F55: =B55/12.0107*1000 -> 42.926724 | G55: =C55/14.0067*1000 -> 30.975992
A56: 31 | B56: 0.77588 | C56: 0.13751143 | E56: =A56 -> 31 | F56: =B56/12.0107*1000 -> 64.599066 | G56: =C56/14.0067*1000 -> 9.8175465
A57: 32 | B57: 0.74158 | C57: 0.11731143 | E57: =A57 -> 32 | F57: =B57/12.0107*1000 -> 61.743279 | G57: =C57/14.0067*1000 -> 8.3753795
A58: 33 | B58: 0.78148 | C58: 0.12071143 | E58: =A58 -> 33 | F58: =B58/12.0107*1000 -> 65.065317 | G58: =C58/14.0067*1000 -> 8.6181205
A59: 34 | B59: 0.71988 | C59: 0.12953143 | E59: =A59 -> 34 | F59: =B59/12.0107*1000 -> 59.936557 | G59: =C59/14.0067*1000 -> 9.2478192
A60: 35 | B60: 0.75718 | C60: 0.12194143 | E60: =A60 -> 35 | F60: =B60/12.0107*1000 -> 63.042121 | G60: =C60/14.0067*1000 -> 8.7059356
A61: 36 | B61: 0.86518 | C61: 0.15466143 | E61: =A61 -> 36 | F61: =B61/12.0107*1000 -> 72.034103 | G61: =C61/14.0067*1000 -> 11.041961
A62: 37 | B62: 0.47198 | C62: 0.099391429 | E62: =A62 -> 37 | F62: =B62/12.0107*1000 -> 39.296627 | G62: =C62/14.0067*1000 -> 7.0959918
A63: 38 | B63: 0.79458 | C63: 0.15372143 | E63: =A63 -> 38 | F63: =B63/12.0107*1000 -> 66.156011 | G63: =C63/14.0067*1000 -> 10.97485
A64: 39 | B64: 0.81888 | C64: 0.15066143 | E64: =A64 -> 39 | F64: =B64/12.0107*1000 -> 68.179207 | G64: =C64/14.0067*1000 -> 10.756383
A65: 40 | B65: 0.83338 | C65: 0.13440143 | E65: =A65 -> 40 | F65: =B65/12.0107*1000 -> 69.386464 | G65: =C65/14.0067*1000 -> 9.5955099
A66: DIW | B66: -0.00808 | C66: 0 | E66: =A66 -> DIW | F66: =B66/12.0107*1000 -> -0.67273348 | G66: =C66/14.0067*1000 -> 0
A67: LNSW | B67: 0.8691 | C67: 0.05267 | E67: =A67 -> LNSW | F67: =B67/12.0107*1000 -> 72.360479 | G67: =C67/14.0067*1000 -> 3.7603433
A68: DSWR [B24,L05-24] | B68: 0.51218 | C68: 0.44657143 | E68: =A68 -> DSWR [B24,L05-24] | F68: =B68/12.0107*1000 -> 42.643643 | G68: =C68/14.0067*1000 -> 31.882701
A69: 41 | B69: 0.78928 | C69: 0.13272143 | E69: =A69 -> 41 | F69: =B69/12.0107*1000 -> 65.714738 | G69: =C69/14.0067*1000 -> 9.4755673
A70: 42 | B70: 0.85408 | C70: 0.12574143 | E70: =A70 -> 42 | F70: =B70/12.0107*1000 -> 71.109927 | G70: =C70/14.0067*1000 -> 8.9772344
A71: 43 | B71: 0.79538 | C71: 0.12326143 | E71: =A71 -> 43 | F71: =B71/12.0107*1000 -> 66.222618 | G71: =C71/14.0067*1000 -> 8.8001762
A72: 44 | B72: 0.85228 | C72: 0.13263143 | E72: =A72 -> 44 | F72: =B72/12.0107*1000 -> 70.960061 | G72: =C72/14.0067*1000 -> 9.4691418
A73: 45 | B73: 0.78928 | C73: 0.12190143 | E73: =A73 -> 45 | F73: =B73/12.0107*1000 -> 65.714738 | G73: =C73/14.0067*1000 -> 8.7030799
A74: 46 | B74: 0.77428 | C74: 0.13285143 | E74: =A74 -> 46 | F74: =B74/12.0107*1000 -> 64.465851 | G74: =C74/14.0067*1000 -> 9.4848486
A75: 47 | B75: 0.79168 | C75: 0.12343143 | E75: =A75 -> 47 | F75: =B75/12.0107*1000 -> 65.91456 | G75: =C75/14.0067*1000 -> 8.8123133
A76: 48 | B76: 0.68158 | C76: 0.12779143 | E76: =A76 -> 48 | F76: =B76/12.0107*1000 -> 56.747733 | G76: =C76/14.0067*1000 -> 9.1235929
A77: 49 | B77: 0.78748 | C77: 0.13233143 | E77: =A77 -> 49 | F77: =B77/12.0107*1000 -> 65.564871 | G77: =C77/14.0067*1000 -> 9.4477235
A78: 50 | B78: 0.72608 | C78: 0.11459143 | E78: =A78 -> 50 | F78: =B78/12.0107*1000 -> 60.452763 | G78: =C78/14.0067*1000 -> 8.1811868
A79: DIW | B79: -0.00945 | C79: 0 | E79: =A79 -> DIW | F79: =B79/12.0107*1000 -> -0.78679844 | G79: =C79/14.0067*1000 -> 0
A80: LNSW | B80: 0.8518 | C80: 0.05403 | E80: =A80 -> LNSW | F80: =B80/12.0107*1000 -> 70.920096 | G80: =C80/14.0067*1000 -> 3.8574397
A81: DSWR [B24,L05-24] | B81: 0.51098 | C81: 0.43757143 | E81: =A81 -> DSWR [B24,L05-24] | F81: =B81/12.0107*1000 -> 42.543732 | G81: =C81/14.0067*1000 -> 31.240151
A82: 51 | B82: 0.80518 | C82: 0.13281143 | E82: =A82 -> 51 | F82: =B82/12.0107*1000 -> 67.038557 | G82: =C82/14.0067*1000 -> 9.4819928
A83: 52 | B83: 0.81448 | C83: 0.13020143 | E83: =A83 -> 52 | F83: =B83/12.0107*1000 -> 67.812867 | G83: =C83/14.0067*1000 -> 9.2956534
A84: 53 | B84: 0.74768 | C84: 0.11795143 | E84: =A84 -> 53 | F84: =B84/12.0107*1000 -> 62.251159 | G84: =C84/14.0067*1000 -> 8.421072
A85: 54 | B85: 0.64748 | C85: 0.11863143 | E85: =A85 -> 54 | F85: =B85/12.0107*1000 -> 53.908598 | G85: =C85/14.0067*1000 -> 8.4696202
A86: 55 | B86: 0.42828 | C86: 0.096961429 | E86: =A86 -> 55 | F86: =B86/12.0107*1000 -> 35.658205 | G86: =C86/14.0067*1000 -> 6.9225034
A87: 56 | B87: 0.77778 | C87: 0.12604143 | E87: =A87 -> 56 | F87: =B87/12.0107*1000 -> 64.757258 | G87: =C87/14.0067*1000 -> 8.9986527
A88: 57 | B88: 0.84688 | C88: 0.13738143 | E88: =A88 -> 57 | F88: =B88/12.0107*1000 -> 70.510462 | G88: =C88/14.0067*1000 -> 9.8082652
A89: 58 | B89: 0.80388 | C89: 0.13578143 | E89: =A89 -> 58 | F89: =B89/12.0107*1000 -> 66.93032 | G89: =C89/14.0067*1000 -> 9.6940342
A90: 59 | B90: 0.82128 | C90: 0.12740143 | E90: =A90 -> 59 | F90: =B90/12.0107*1000 -> 68.379029 | G90: =C90/14.0067*1000 -> 9.0957491
A91: 60 | B91: 0.70068 | C91: 0.11999143 | E91: =A91 -> 60 | F91: =B91/12.0107*1000 -> 58.337982 | G91: =C91/14.0067*1000 -> 8.5667165
A92: DIW | B92: -0.01704 | C92: 0 | E92: =A92 -> DIW | F92: =B92/12.0107*1000 -> -1.418735 | G92: =C92/14.0067*1000 -> 0
A93: LNSW | B93: 0.8838 | C93: 0.06194 | E93: =A93 -> LNSW | F93: =B93/12.0107*1000 -> 73.584387 | G93: =C93/14.0067*1000 -> 4.4221694
A94: DSWR [B24,L05-24] | B94: 0.51098 | C94: 0.43757143 | E94: =A94 -> DSWR [B24,L05-24] | F94: =B94/12.0107*1000 -> 42.543732 | G94: =C94/14.0067*1000 -> 31.240151

Sheet Run File 12.13.24
A1: System | B1: TOCReg | D1: Deep Seawater Reference Material
A2: S/W Version | B2: 1
A3: User | B3: A.Whitworth | D3: NPOC certified reference value 0.504-0.516 mg/L: 42-43 uM
A4: Date | B4: 45639 | D4: TN certified reference value 0.434-0.448 mg/L: 31-32 uM
A5: Comments | B5: Nelson/Rochette-Yu Tsuen (11/08/24)
A9: Standards
A10: Range | B10: 0-5mg/L
A12: Raw data (mg/L) | E12: Unit conversion
A13: Sample | B13: NPOC (mg/L) | C13: TN (mg/L) | E13: Sample | F13: NPOC (uM) | G13: TN (uM)
A14: DIW | B14: -0.00049 | C14: 0 | E14: =A14 -> DIW | F14: =B14/12.0107*1000 -> -0.040796956 | G14: =C14/14.0067*1000 -> 0
A15: LNSW | B15: 0.8951 | C15: 0.06018 | E15: =A15 -> LNSW | F15: =B15/12.0107*1000 -> 74.525215 | G15: =C15/14.0067*1000 -> 4.2965152
A16: DSWR [B24,L05-24] | B16: 0.50678333 | C16: 0.44143333 | E16: =A16 -> DSWR [B24,L05-24] | F16: =B16/12.0107*1000 -> 42.194321 | G16: =C16/14.0067*1000 -> 31.51587
A17: 61 | B17: 0.81768333 | C17: 0.14613333 | E17: =A17 -> 61 | F17: =B17/12.0107*1000 -> 68.079573 | G17: =C17/14.0067*1000 -> 10.433102
A18: 62 | B18: 0.75878333 | C18: 0.12892333 | E18: =A18 -> 62 | F18: =B18/12.0107*1000 -> 63.175613 | G18: =C18/14.0067*1000 -> 9.2044046
A19: 63 | B19: 0.53538333 | C19: 0.12426333 | E19: =A19 -> 63 | F19: =B19/12.0107*1000 -> 44.575531 | G19: =C19/14.0067*1000 -> 8.8717066
A20: 64 | B20: 0.33498333 | C20: 0.10943333 | E20: =A20 -> 64 | F20: =B20/12.0107*1000 -> 27.890409 | G20: =C20/14.0067*1000 -> 7.8129276
A21: 65 | B21: 0.81898333 | C21: 0.14113333 | E21: =A21 -> 65 | F21: =B21/12.0107*1000 -> 68.18781 | G21: =C21/14.0067*1000 -> 10.07613
A22: 67 | B22: 0.76118333 | C22: 0.13028333 | E22: =A22 -> 67 | F22: =B22/12.0107*1000 -> 63.375435 | G22: =C22/14.0067*1000 -> 9.3015009
A23: 68 | B23: 0.78948333 | C23: 0.13574333 | E23: =A23 -> 68 | F23: =B23/12.0107*1000 -> 65.731667 | G23: =C23/14.0067*1000 -> 9.6913144
A24: DIW | B24: -0.00874 | C24: 0 | E24: =A24 -> DIW | F24: =B24/12.0107*1000 -> -0.72768448 | G24: =C24/14.0067*1000 -> 0
A25: LNSW | B25: 0.8737 | C25: 0.05459 | E25: =A25 -> LNSW | F25: =B25/12.0107*1000 -> 72.74347 | G25: =C25/14.0067*1000 -> 3.8974205
A26: DSWR [B24,L05-24] | B26: 0.51298333 | C26: 0.44323333 | E26: =A26 -> DSWR [B24,L05-24] | F26: =B26/12.0107*1000 -> 42.710528 | G26: =C26/14.0067*1000 -> 31.64438
A27: 70 | B27: 0.76678333 | C27: 0.13294333 | E27: =A27 -> 70 | F27: =B27/12.0107*1000 -> 63.841686 | G27: =C27/14.0067*1000 -> 9.4914101
A28: 71 | B28: 0.82728333 | C28: 0.14579333 | E28: =A28 -> 71 | F28: =B28/12.0107*1000 -> 68.878861 | G28: =C28/14.0067*1000 -> 10.408828
A29: 73 | B29: 0.77898333 | C29: 0.14734333 | E29: =A29 -> 73 | F29: =B29/12.0107*1000 -> 64.857447 | G29: =C29/14.0067*1000 -> 10.519489
A30: 74 | B30: 1.8048833 | C30: 2.9840333 | E30: =A30 -> 74 | F30: =B30/12.0107*1000 -> 150.27295 | G30: =C30/14.0067*1000 -> 213.04328
A31: DIW | B31: -0.001 | C31: 0 | E31: =A31 -> DIW | F31: =B31/12.0107*1000 -> -0.083259094 | G31: =C31/14.0067*1000 -> 0
A32: LNSW | B32: 0.8634 | C32: 0.0542 | E32: =A32 -> LNSW | F32: =B32/12.0107*1000 -> 71.885902 | G32: =C32/14.0067*1000 -> 3.8695767
A33: DSWR [B24,L05-24] | B33: 0.50998333 | C33: 0.43803333 | E33: =A33 -> DSWR [B24,L05-24] | F33: =B33/12.0107*1000 -> 42.46075 | G33: =C33/14.0067*1000 -> 31.273129
